"trial_type","trial_index","time_elapsed","internal_node_id","rt","stimulus","response","PID","START_TIME","EXP_AB","ATTENTION_FAILURES","trial","responses","view_history","actor","target_emotion"
"pavlovia","0","3406","0.0-0.0","","","","","","","","","","","",""
"html-button-response","1","7596","0.0-1.0","4187","<h1>Welcome to the Multiethnic Face Database Study!</h1>","0","673e222bdb1a35935b3075f1","1760808967363","A","0","","","","",""
"html-button-response","2","76488","0.0-2.0","68886","<div style=""text-align: left; margin: 50px 80px -60px 80px;""><p><span style='text-decoration: underline;'><strong>CONSENT FORM </strong></span></p><p><strong>McGill University </strong></p><p><strong>Title of Research:</strong> A Dual Process Theory of Theory of Mind</p><p><strong>Researchers:</strong><br>Ian Gold, Ph.D., Professor, McGill University<br />Elizaveta Solomonova, Ph.D., Researcher, McGill University <br />Fernanda Perez-Gay Juarez, M.D., Ph.D., Psychiatry Resident, McGill University<br />Sophie Serebryany, Undergraduate Student, McGill University <br />Ani Shahbazian, Undergraduate Student, Concordia University<br>Sophie Hoyer, Undergraduate Student, McGill University</p><p><strong>Contact Information:<br />Tel:</strong> 514-398-8939 (Dr. Ian Gold) <br /><strong>Email:</strong> neurophilosophylabmcgill@gmail.com (all researchers)</p><p><strong>Purpose of the research:</strong><br> This study aims to measure people's ability to understand what others are thinking and feeling across different contexts and modalities. Please read through the description of the research project, and take the opportunity to ask any questions that you have about the project.</p><p><strong>What is involved in participating:</strong><br>You will be asked to look at a series of videos of facial expressions and answer questions about them. The online study in its entirety will take around [insert time], divided into 3 blocks with two 5-minute breaks in between. You will be asked to respond by answering multiple choice questions about the video. You will only need a mouse and a keyboard to provide responses to the various tasks.</p><p><strong>Right to withdraw:</strong><br>Please note that your participation is voluntary, and you are free to withdraw at any time without any negative consequences. Once you consent to participate, you may proceed to complete the online tasks. At the end of the experiment, you will see the message 'This is the end of the study. Please click on the button 'Complete the Experiment' to save your data and obtain your payment code.' Once you click the button, your data will be automatically collected through Pavlovia. Since participants will be anonymized (identified only by an alphanumeric code assigned by Prolific), the data will not be able to be withdrawn anonymously once you have completed the experiment. If you wish to withdraw consent without data collection, do not click the button to end the experiment and just close your browser.</p><p><strong>Confidentiality:</strong><br>The study's data will be kept for 7 years, stored in a password-protected virtual drive under the jurisdiction of McGill University (Dr. Ian Gold McGill's OneDrive). Your responses will be kept strictly confidential and will be identified only by means of your Prolific ID and never with your name or other identifying information. Only members of Dr. Ian Gold's lab will have access to identifiable study materials. You will not be identified or identifiable in any report or reports that result from the research (peer reviewed publications, presentations at national and international conferences, etc).</p><p><strong>Compensation:</strong><br>You will be compensated with &pound;9 for the completion of the study which should take approximately 60 minutes. Please use the completion code given to you at the end of the study to retrieve your payment in your Prolific account. Please note that if you decide to withdraw before finishing a session, there will be no way to compensate you for the time you spent, given that your data will not be saved.</p><p><strong>Risks &amp; Benefits:</strong> The only associated risks associated with this study are screen fatigue. If you have questions or concerns regarding your rights or welfare as a participant in this research study, please contact the Manager, Research Ethics at 514-398-6831 or lynda.mcneil@mcgill.ca.</p><p><strong>Consent:</strong><br>Please click on the button below if you have read the above information and consent to participate in this study. Otherwise, you can just close this window and return to the experiment in Prolific. Agreeing to participate in this study does not waive any of your rights or release the researchers from their responsibilities. To ensure the study is being conducted properly, authorized individuals, such as a member of the Research Ethics Board, may have access to your information.</p></div>","0","","","","","false","","","",""
"survey-demo","3","193974","0.0-3.0","117461","","","673e222bdb1a35935b3075f1","1760808967363","","","demo","{""age"":""25"",""gender"":""Woman"",""ethnicity"":[""Black""],""education"":""Graduate school (Masters)"",""religion"":""Christian"",""birthcountry"":""Nigeria"",""residencecountry"":""United States of America"",""yearsresidence"":""21"",""internetspeed"":""280""}","","",""
"instructions","4","513777","0.0-6.0-0.0","319798","","","","","","","","","[{""page_index"":0,""viewing_time"":36308},{""page_index"":1,""viewing_time"":104373},{""page_index"":2,""viewing_time"":57865},{""page_index"":3,""viewing_time"":111103},{""page_index"":4,""viewing_time"":10149}]","",""
"html-keyboard-response","5","514788","0.0-6.0-1.0","null","<span style=""font-size:40px;"">+</span>","null","","","","","","","","",""
"html-keyboard-response","6","845145","0.0-6.0-2.0","","","","","","","","","","","",""
"image-keyboard-response","7","845661","0.0-6.0-3.0","null","stimuli/noise_texture.png","null","","","","","","","","",""
"custom-labels-response","8","848990","0.0-6.0-4.0","3319","","doubtful","","","","","tom-labels-practice","","","12","Doubtful"
"html-button-response","9","850563","0.0-7.0","1571","<div style=""width: 1000px; height: 45px""><p>You will now be shown a series of short videos. Please select the label that best describes the emotion that the face was showing. Please provide one best guess for each item. Starting now, your responses will be recorded.</p><p>Click <strong>Continue</strong> to start. Good luck!</p></div>","0","","","","","false","","","",""
"html-keyboard-response","10","851571","0.0-8.0-0.0","null","<span style=""font-size:40px;"">+</span>","null","","","","","","","","",""
"html-keyboard-response","11","861610","0.0-8.0-1.0","","","","","","","","","","","",""
"image-keyboard-response","12","862129","0.0-8.0-2.0","null","stimuli/noise_texture.png","null","","","","","","","","",""
"custom-labels-response","13","881747","0.0-8.0-3.0","19612","","worried","","","","","tom-labels","","","M3","imploring"
"html-keyboard-response","14","882756","0.0-8.0-0.1","null","<span style=""font-size:40px;"">+</span>","null","","","","","","","","",""
"html-keyboard-response","15","892630","0.0-8.0-1.1","","","","","","","","","","","",""
"image-keyboard-response","16","893137","0.0-8.0-2.1","null","stimuli/noise_texture.png","null","","","","","","","","",""
"custom-labels-response","17","895773","0.0-8.0-3.1","2633","","baffled","","","","","tom-labels","","","M2","regretful"
"html-keyboard-response","18","896792","0.0-8.0-0.2","null","<span style=""font-size:40px;"">+</span>","null","","","","","","","","",""
"html-keyboard-response","19","904464","0.0-8.0-1.2","","","","","","","","","","","",""
"image-keyboard-response","20","904971","0.0-8.0-2.2","null","stimuli/noise_texture.png","null","","","","","","","","",""
"custom-labels-response","21","912544","0.0-8.0-3.2","7568","","preoccupied","","","","","tom-labels","","","F3","incredulous"
"html-keyboard-response","22","913554","0.0-8.0-0.3","null","<span style=""font-size:40px;"">+</span>","null","","","","","","","","",""
"html-keyboard-response","23","925811","0.0-8.0-1.3","","","","","","","","","","","",""
"image-keyboard-response","24","926315","0.0-8.0-2.3","null","stimuli/noise_texture.png","null","","","","","","","","",""
"custom-labels-response","25","928465","0.0-8.0-3.3","2142","","terrified","","","","","tom-labels","","","F6","terrified"
"html-keyboard-response","26","929473","0.0-8.0-0.4","null","<span style=""font-size:40px;"">+</span>","null","","","","","","","","",""
"html-keyboard-response","27","940328","0.0-8.0-1.4","","","","","","","","","","","",""
"image-keyboard-response","28","940838","0.0-8.0-2.4","null","stimuli/noise_texture.png","null","","","","","","","","",""
"custom-labels-response","29","948328","0.0-8.0-3.4","7481","","thoughtful","","","","","tom-labels","","","F4","dubious"
"html-keyboard-response","30","949335","0.0-8.0-0.5","null","<span style=""font-size:40px;"">+</span>","null","","","","","","","","",""
"html-keyboard-response","31","959428","0.0-8.0-1.5","","","","","","","","","","","",""
"image-keyboard-response","32","959948","0.0-8.0-2.5","null","stimuli/noise_texture.png","null","","","","","","","","",""
"custom-labels-response","33","974388","0.0-8.0-3.5","14434","","aghast","","","","","tom-labels","","","M3","aghast"
"html-keyboard-response","34","975394","0.0-8.0-0.6","null","<span style=""font-size:40px;"">+</span>","null","","","","","","","","",""
"html-keyboard-response","35","986599","0.0-8.0-1.6","","","","","","","","","","","",""
"image-keyboard-response","36","987121","0.0-8.0-2.6","null","stimuli/noise_texture.png","null","","","","","","","","",""
"custom-labels-response","37","991129","0.0-8.0-3.6","4005","","affectionate","","","","","tom-labels","","","M4","affectionate"
"html-keyboard-response","38","992138","0.0-8.0-0.7","null","<span style=""font-size:40px;"">+</span>","null","","","","","","","","",""
"html-keyboard-response","39","1002645","0.0-8.0-1.7","","","","","","","","","","","",""
"image-keyboard-response","40","1003154","0.0-8.0-2.7","null","stimuli/noise_texture.png","null","","","","","","","","",""
"custom-labels-response","41","1019310","0.0-8.0-3.7","16149","","grateful","","","","","tom-labels","","","F5","grateful"
"html-keyboard-response","42","1020315","0.0-8.0-0.8","null","<span style=""font-size:40px;"">+</span>","null","","","","","","","","",""
"html-keyboard-response","43","1028117","0.0-8.0-1.8","","","","","","","","","","","",""
"image-keyboard-response","44","1028620","0.0-8.0-2.8","null","stimuli/noise_texture.png","null","","","","","","","","",""
"custom-labels-response","45","1031627","0.0-8.0-3.8","3000","","fascinated","","","","","tom-labels","","","F3","fascinated"
"html-keyboard-response","46","1032637","0.0-8.0-0.9","null","<span style=""font-size:40px;"">+</span>","null","","","","","","","","",""
"html-keyboard-response","47","1045967","0.0-8.0-1.9","","","","","","","","","","","",""
"image-keyboard-response","48","1046484","0.0-8.0-2.9","null","stimuli/noise_texture.png","null","","","","","","","","",""
"custom-labels-response","49","1052682","0.0-8.0-3.9","6190","","serious","","","","","tom-labels","","","F5","serious"
"html-keyboard-response","50","1053694","0.0-8.0-0.10","null","<span style=""font-size:40px;"">+</span>","null","","","","","","","","",""
"html-keyboard-response","51","1062121","0.0-8.0-1.10","","","","","","","","","","","",""
"image-keyboard-response","52","1062631","0.0-8.0-2.10","null","stimuli/noise_texture.png","null","","","","","","","","",""
"custom-labels-response","53","1069582","0.0-8.0-3.10","6943","","despondent","","","","","tom-labels","","","F3","entertained"
"html-keyboard-response","54","1070588","0.0-8.0-0.11","null","<span style=""font-size:40px;"">+</span>","null","","","","","","","","",""
"html-keyboard-response","55","1092861","0.0-8.0-1.11","","","","","","","","","","","",""
"image-keyboard-response","56","1093369","0.0-8.0-2.11","null","stimuli/noise_texture.png","null","","","","","","","","",""
"custom-labels-response","57","1112396","0.0-8.0-3.11","19020","","fantasizing","","","","","tom-labels","","","F2","fantasizing"
"html-keyboard-response","58","1113404","0.0-8.0-0.12","null","<span style=""font-size:40px;"">+</span>","null","","","","","","","","",""
"html-keyboard-response","59","1123921","0.0-8.0-1.12","","","","","","","","","","","",""
"image-keyboard-response","60","1124439","0.0-8.0-2.12","null","stimuli/noise_texture.png","null","","","","","","","","",""
"custom-labels-response","61","1135361","0.0-8.0-3.12","10915","","interested","","","","","tom-labels","","","F2","interested"
"html-keyboard-response","62","1136366","0.0-8.0-0.13","null","<span style=""font-size:40px;"">+</span>","null","","","","","","","","",""
"html-keyboard-response","63","1147925","0.0-8.0-1.13","","","","","","","","","","","",""
"image-keyboard-response","64","1148440","0.0-8.0-2.13","null","stimuli/noise_texture.png","null","","","","","","","","",""
"custom-labels-response","65","1150235","0.0-8.0-3.13","1789","","puzzled","","","","","tom-labels","","","F6","puzzled"
"html-keyboard-response","66","1151239","0.0-8.0-0.14","null","<span style=""font-size:40px;"">+</span>","null","","","","","","","","",""
"html-keyboard-response","67","1160079","0.0-8.0-1.14","","","","","","","","","","","",""
"image-keyboard-response","68","1160588","0.0-8.0-2.14","null","stimuli/noise_texture.png","null","","","","","","","","",""
"custom-labels-response","69","1164288","0.0-8.0-3.14","3693","","sarcastic","","","","","tom-labels","","","M1","sarcastic"
"html-keyboard-response","70","1165307","0.0-8.0-0.15","null","<span style=""font-size:40px;"">+</span>","null","","","","","","","","",""
"html-keyboard-response","71","1182042","0.0-8.0-1.15","","","","","","","","","","","",""
"image-keyboard-response","72","1182548","0.0-8.0-2.15","null","stimuli/noise_texture.png","null","","","","","","","","",""
"custom-labels-response","73","1186547","0.0-8.0-3.15","3993","","baffled","","","","","tom-labels","","","M5","embarrassed"
"html-keyboard-response","74","1187564","0.0-8.0-0.16","null","<span style=""font-size:40px;"">+</span>","null","","","","","","","","",""
"html-keyboard-response","75","1195728","0.0-8.0-1.16","","","","","","","","","","","",""
"image-keyboard-response","76","1196236","0.0-8.0-2.16","null","stimuli/noise_texture.png","null","","","","","","","","",""
"custom-labels-response","77","1199474","0.0-8.0-3.16","3234","","flirtatious","","","","","tom-labels","","","M2","desire"
"html-keyboard-response","78","1200563","0.0-8.0-0.17","null","<span style=""font-size:40px;"">+</span>","null","","","","","","","","",""
"html-keyboard-response","79","1212510","0.0-8.0-1.17","","","","","","","","","","","",""
"image-keyboard-response","80","1213027","0.0-8.0-2.17","null","stimuli/noise_texture.png","null","","","","","","","","",""
"custom-labels-response","81","1222701","0.0-8.0-3.17","9666","","thoughtful","","","","","tom-labels","","","F2","relaxed"
"html-keyboard-response","82","1223707","0.0-8.0-0.18","null","<span style=""font-size:40px;"">+</span>","null","","","","","","","","",""
"html-keyboard-response","83","1231223","0.0-8.0-1.18","","","","","","","","","","","",""
"image-keyboard-response","84","1231733","0.0-8.0-2.18","null","stimuli/noise_texture.png","null","","","","","","","","",""
"custom-labels-response","85","1234949","0.0-8.0-3.18","3211","","deciding","","","","","tom-labels","","","M3","jealous"
"html-keyboard-response","86","1235957","0.0-8.0-0.19","null","<span style=""font-size:40px;"">+</span>","null","","","","","","","","",""
"html-keyboard-response","87","1247380","0.0-8.0-1.19","","","","","","","","","","","",""
"image-keyboard-response","88","1247888","0.0-8.0-2.19","null","stimuli/noise_texture.png","null","","","","","","","","",""
"custom-labels-response","89","1258754","0.0-8.0-3.19","10863","","flustered","","","","","tom-labels","","","F4","flustered"
"html-keyboard-response","90","1259761","0.0-8.0-0.20","null","<span style=""font-size:40px;"">+</span>","null","","","","","","","","",""
"html-keyboard-response","91","1279803","0.0-8.0-1.20","","","","","","","","","","","",""
"image-keyboard-response","92","1280320","0.0-8.0-2.20","null","stimuli/noise_texture.png","null","","","","","","","","",""
"custom-labels-response","93","1284465","0.0-8.0-3.20","4138","","interested","","","","","tom-labels","","","F6","accusing"
"html-keyboard-response","94","1285472","0.0-8.0-0.21","null","<span style=""font-size:40px;"">+</span>","null","","","","","","","","",""
"html-keyboard-response","95","1295914","0.0-8.0-1.21","","","","","","","","","","","",""
"image-keyboard-response","96","1296427","0.0-8.0-2.21","null","stimuli/noise_texture.png","null","","","","","","","","",""
"custom-labels-response","97","1310362","0.0-8.0-3.21","13928","","pensive","","","","","tom-labels","","","M2","defiant"
"html-keyboard-response","98","1311375","0.0-8.0-0.22","null","<span style=""font-size:40px;"">+</span>","null","","","","","","","","",""
"html-keyboard-response","99","1321434","0.0-8.0-1.22","","","","","","","","","","","",""
"image-keyboard-response","100","1321945","0.0-8.0-2.22","null","stimuli/noise_texture.png","null","","","","","","","","",""
"custom-labels-response","101","1324212","0.0-8.0-3.22","2261","","contemplative","","","","","tom-labels","","","M3","decisive"
"html-keyboard-response","102","1325222","0.0-8.0-0.23","null","<span style=""font-size:40px;"">+</span>","null","","","","","","","","",""
"html-keyboard-response","103","1343256","0.0-8.0-1.23","","","","","","","","","","","",""
"image-keyboard-response","104","1343776","0.0-8.0-2.23","null","stimuli/noise_texture.png","null","","","","","","","","",""
"custom-labels-response","105","1347464","0.0-8.0-3.23","3681","","reassuring","","","","","tom-labels","","","M4","reassuring"
"html-keyboard-response","106","1348537","0.0-8.0-0.24","null","<span style=""font-size:40px;"">+</span>","null","","","","","","","","",""
"html-keyboard-response","107","1358232","0.0-8.0-1.24","","","","","","","","","","","",""
"image-keyboard-response","108","1358797","0.0-8.0-2.24","null","stimuli/noise_texture.png","null","","","","","","","","",""
"custom-labels-response","109","1361418","0.0-8.0-3.24","2614","","fascinated","","","","","tom-labels","","","M1","fascinated"
"html-keyboard-response","110","1362422","0.0-8.0-0.25","null","<span style=""font-size:40px;"">+</span>","null","","","","","","","","",""
"html-keyboard-response","111","1373215","0.0-8.0-1.25","","","","","","","","","","","",""
"image-keyboard-response","112","1373734","0.0-8.0-2.25","null","stimuli/noise_texture.png","null","","","","","","","","",""
"custom-labels-response","113","1376465","0.0-8.0-3.25","2724","","anxious","","","","","tom-labels","","","M3","apologetic"
"html-keyboard-response","114","1377472","0.0-8.0-0.26","null","<span style=""font-size:40px;"">+</span>","null","","","","","","","","",""
"html-keyboard-response","115","1400343","0.0-8.0-1.26","","","","","","","","","","","",""
"image-keyboard-response","116","1400859","0.0-8.0-2.26","null","stimuli/noise_texture.png","null","","","","","","","","",""
"custom-labels-response","117","1403955","0.0-8.0-3.26","3089","","anxious","","","","","tom-labels","","","F6","guilty"
"html-keyboard-response","118","1404962","0.0-8.0-0.27","null","<span style=""font-size:40px;"">+</span>","null","","","","","","","","",""
"html-keyboard-response","119","1413839","0.0-8.0-1.27","","","","","","","","","","","",""
"image-keyboard-response","120","1414358","0.0-8.0-2.27","null","stimuli/noise_texture.png","null","","","","","","","","",""
"custom-labels-response","121","1423513","0.0-8.0-3.27","9147","","entertained","","","","","tom-labels","","","M1","upset"
"html-keyboard-response","122","1424520","0.0-8.0-0.28","null","<span style=""font-size:40px;"">+</span>","null","","","","","","","","",""
"html-keyboard-response","123","1439545","0.0-8.0-1.28","","","","","","","","","","","",""
"image-keyboard-response","124","1440065","0.0-8.0-2.28","null","stimuli/noise_texture.png","null","","","","","","","","",""
"custom-labels-response","125","1443999","0.0-8.0-3.28","3929","","thoughtful","","","","","tom-labels","","","F6","sympathetic"
"html-keyboard-response","126","1445009","0.0-8.0-0.29","null","<span style=""font-size:40px;"">+</span>","null","","","","","","","","",""
"html-keyboard-response","127","1453389","0.0-8.0-1.29","","","","","","","","","","","",""
"image-keyboard-response","128","1453898","0.0-8.0-2.29","null","stimuli/noise_texture.png","null","","","","","","","","",""
"custom-labels-response","129","1481297","0.0-8.0-3.29","27392","","bewildered","","","","","tom-labels","","","F3","regretful"
"html-keyboard-response","130","1482303","0.0-8.0-0.30","null","<span style=""font-size:40px;"">+</span>","null","","","","","","","","",""
"html-keyboard-response","131","1496107","0.0-8.0-1.30","","","","","","","","","","","",""
"image-keyboard-response","132","1496617","0.0-8.0-2.30","null","stimuli/noise_texture.png","null","","","","","","","","",""
"custom-labels-response","133","1499471","0.0-8.0-3.30","2849","","dubious","","","","","tom-labels","","","M6","relieved"
"html-keyboard-response","134","1500476","0.0-8.0-0.31","null","<span style=""font-size:40px;"">+</span>","null","","","","","","","","",""
"html-keyboard-response","135","1511791","0.0-8.0-1.31","","","","","","","","","","","",""
"image-keyboard-response","136","1512300","0.0-8.0-2.31","null","stimuli/noise_texture.png","null","","","","","","","","",""
"custom-labels-response","137","1516725","0.0-8.0-3.31","4419","","dominant","","","","","tom-labels","","","F4","dominant"
"html-keyboard-response","138","1517740","0.0-8.0-0.32","null","<span style=""font-size:40px;"">+</span>","null","","","","","","","","",""
"html-keyboard-response","139","1538769","0.0-8.0-1.32","","","","","","","","","","","",""
"image-keyboard-response","140","1539275","0.0-8.0-2.32","null","stimuli/noise_texture.png","null","","","","","","","","",""
"custom-labels-response","141","1540482","0.0-8.0-3.32","1201","","puzzled","","","","","tom-labels","","","M6","puzzled"
"html-keyboard-response","142","1541500","0.0-8.0-0.33","null","<span style=""font-size:40px;"">+</span>","null","","","","","","","","",""
"html-keyboard-response","143","1550613","0.0-8.0-1.33","","","","","","","","","","","",""
"image-keyboard-response","144","1551130","0.0-8.0-2.33","null","stimuli/noise_texture.png","null","","","","","","","","",""
"custom-labels-response","145","1555229","0.0-8.0-3.33","4093","","incredulous","","","","","tom-labels","","","M1","ashamed"
"html-keyboard-response","146","1556236","0.0-8.0-0.34","null","<span style=""font-size:40px;"">+</span>","null","","","","","","","","",""
"html-keyboard-response","147","1564326","0.0-8.0-1.34","","","","","","","","","","","",""
"image-keyboard-response","148","1564830","0.0-8.0-2.34","null","stimuli/noise_texture.png","null","","","","","","","","",""
"custom-labels-response","149","1573138","0.0-8.0-3.34","8304","","uneasy","","","","","tom-labels","","","F3","ashamed"
"html-keyboard-response","150","1574143","0.0-8.0-0.35","null","<span style=""font-size:40px;"">+</span>","null","","","","","","","","",""
"html-keyboard-response","151","1590816","0.0-8.0-1.35","","","","","","","","","","","",""
"image-keyboard-response","152","1591331","0.0-8.0-2.35","null","stimuli/noise_texture.png","null","","","","","","","","",""
"custom-labels-response","153","1597725","0.0-8.0-3.35","6386","","dispirited","","","","","tom-labels","","","F5","skeptical"
"html-keyboard-response","154","1598735","0.0-8.0-0.36","null","<span style=""font-size:40px;"">+</span>","null","","","","","","","","",""
"html-keyboard-response","155","1612019","0.0-8.0-1.36","","","","","","","","","","","",""
"image-keyboard-response","156","1612537","0.0-8.0-2.36","null","stimuli/noise_texture.png","null","","","","","","","","",""
"custom-labels-response","157","1617015","0.0-8.0-3.36","4472","","fascinated","","","","","tom-labels","","","F8","friendly"
"html-keyboard-response","158","1618028","0.0-8.0-0.37","null","<span style=""font-size:40px;"">+</span>","null","","","","","","","","",""
"html-keyboard-response","159","1632008","0.0-8.0-1.37","","","","","","","","","","","",""
"image-keyboard-response","160","1632514","0.0-8.0-2.37","null","stimuli/noise_texture.png","null","","","","","","","","",""
"custom-labels-response","161","1636555","0.0-8.0-3.37","4034","","imploring","","","","","tom-labels","","","M2","uneasy"
"html-keyboard-response","162","1637572","0.0-8.0-0.38","null","<span style=""font-size:40px;"">+</span>","null","","","","","","","","",""
"html-keyboard-response","163","1644906","0.0-8.0-1.38","","","","","","","","","","","",""
"image-keyboard-response","164","1645416","0.0-8.0-2.38","null","stimuli/noise_texture.png","null","","","","","","","","",""
"custom-labels-response","165","1655185","0.0-8.0-3.38","9764","","pensive","","","","","tom-labels","","","M1","pensive"
"html-keyboard-response","166","1656190","0.0-8.0-0.39","null","<span style=""font-size:40px;"">+</span>","null","","","","","","","","",""
"html-keyboard-response","167","1669454","0.0-8.0-1.39","","","","","","","","","","","",""
"image-keyboard-response","168","1669968","0.0-8.0-2.39","null","stimuli/noise_texture.png","null","","","","","","","","",""
"custom-labels-response","169","1673065","0.0-8.0-3.39","3088","","baffled","","","","","tom-labels","","","F2","tentative"
"html-keyboard-response","170","1674075","0.0-9.0-0.0","null","<span style=""font-size:40px;"">+</span>","null","","","","","","","","",""
"html-keyboard-response","171","1683077","0.0-9.0-1.0","","","","","","","","","","","",""
"image-keyboard-response","172","1683595","0.0-9.0-2.0","null","stimuli/noise_texture.png","null","","","","","","","","",""
"custom-labels-response","173","1692248","0.0-9.0-3.0","8646","","click","","","","","attention-check","","","M3","aghast"
"html-keyboard-response","174","1693255","0.0-11.0-0.0","null","<span style=""font-size:40px;"">+</span>","null","","","","","","","","",""
"html-keyboard-response","175","1705140","0.0-11.0-1.0","","","","","","","","","","","",""
"image-keyboard-response","176","1705653","0.0-11.0-2.0","null","stimuli/noise_texture.png","null","","","","","","","","",""
"custom-labels-response","177","1711172","0.0-11.0-3.0","5510","","interested","","","","","tom-labels","","","F7","insulting"
"html-keyboard-response","178","1712189","0.0-11.0-0.1","null","<span style=""font-size:40px;"">+</span>","null","","","","","","","","",""
"html-keyboard-response","179","1724578","0.0-11.0-1.1","","","","","","","","","","","",""
"image-keyboard-response","180","1725091","0.0-11.0-2.1","null","stimuli/noise_texture.png","null","","","","","","","","",""
"custom-labels-response","181","1733207","0.0-11.0-3.1","8107","","nervous","","","","","tom-labels","","","M2","nervous"
"html-keyboard-response","182","1734226","0.0-11.0-0.2","null","<span style=""font-size:40px;"">+</span>","null","","","","","","","","",""
"html-keyboard-response","183","1755169","0.0-11.0-1.2","","","","","","","","","","","",""
"image-keyboard-response","184","1755675","0.0-11.0-2.2","null","stimuli/noise_texture.png","null","","","","","","","","",""
"custom-labels-response","185","1759801","0.0-11.0-3.2","4118","","enthused","","","","","tom-labels","","","F2","enthused"
"html-keyboard-response","186","1760804","0.0-11.0-0.3","null","<span style=""font-size:40px;"">+</span>","null","","","","","","","","",""
"html-keyboard-response","187","1823028","0.0-11.0-1.3","","","","","","","","","","","",""
"image-keyboard-response","188","1823541","0.0-11.0-2.3","null","stimuli/noise_texture.png","null","","","","","","","","",""
"custom-labels-response","189","1826641","0.0-11.0-3.3","3093","","hopeful","","","","","tom-labels","","","F6","flirtatious"
"html-keyboard-response","190","1827650","0.0-11.0-0.4","null","<span style=""font-size:40px;"">+</span>","null","","","","","","","","",""
"html-keyboard-response","191","1839220","0.0-11.0-1.4","","","","","","","","","","","",""
"image-keyboard-response","192","1839732","0.0-11.0-2.4","null","stimuli/noise_texture.png","null","","","","","","","","",""
"custom-labels-response","193","1853031","0.0-11.0-3.4","13296","","defiant","","","","","tom-labels","","","F4","defiant"
"html-keyboard-response","194","1854037","0.0-11.0-0.5","null","<span style=""font-size:40px;"">+</span>","null","","","","","","","","",""
"html-keyboard-response","195","1868336","0.0-11.0-1.5","","","","","","","","","","","",""
"image-keyboard-response","196","1868845","0.0-11.0-2.5","null","stimuli/noise_texture.png","null","","","","","","","","",""
"custom-labels-response","197","1872804","0.0-11.0-3.5","3951","","relaxed","","","","","tom-labels","","","M2","joking"
"html-keyboard-response","198","1873873","0.0-11.0-0.6","null","<span style=""font-size:40px;"">+</span>","null","","","","","","","","",""
"html-keyboard-response","199","1889106","0.0-11.0-1.6","","","","","","","","","","","",""
"image-keyboard-response","200","1889625","0.0-11.0-2.6","null","stimuli/noise_texture.png","null","","","","","","","","",""
"custom-labels-response","201","1901349","0.0-11.0-3.6","11715","","indifferent","","","","","tom-labels","","","F4","indifferent"
"html-keyboard-response","202","1902353","0.0-11.0-0.7","null","<span style=""font-size:40px;"">+</span>","null","","","","","","","","",""
"html-keyboard-response","203","1909765","0.0-11.0-1.7","","","","","","","","","","","",""
"image-keyboard-response","204","1910275","0.0-11.0-2.7","null","stimuli/noise_texture.png","null","","","","","","","","",""
"custom-labels-response","205","1914257","0.0-11.0-3.7","3980","","sarcastic","","","","","tom-labels","","","F3","sarcastic"
"html-keyboard-response","206","1915267","0.0-11.0-0.8","null","<span style=""font-size:40px;"">+</span>","null","","","","","","","","",""
"html-keyboard-response","207","1926239","0.0-11.0-1.8","","","","","","","","","","","",""
"image-keyboard-response","208","1926753","0.0-11.0-2.8","null","stimuli/noise_texture.png","null","","","","","","","","",""
"custom-labels-response","209","1929652","0.0-11.0-3.8","2895","","contemplative","","","","","tom-labels","","","M2","alarmed"
"html-keyboard-response","210","1930659","0.0-11.0-0.9","null","<span style=""font-size:40px;"">+</span>","null","","","","","","","","",""
"html-keyboard-response","211","1939681","0.0-11.0-1.9","","","","","","","","","","","",""
"image-keyboard-response","212","1940191","0.0-11.0-2.9","null","stimuli/noise_texture.png","null","","","","","","","","",""
"custom-labels-response","213","1949299","0.0-11.0-3.9","9099","","tentative","","","","","tom-labels","","","F3","earnest"
"html-keyboard-response","214","1950309","0.0-11.0-0.10","null","<span style=""font-size:40px;"">+</span>","null","","","","","","","","",""
"html-keyboard-response","215","1959993","0.0-11.0-1.10","","","","","","","","","","","",""
"image-keyboard-response","216","1960499","0.0-11.0-2.10","null","stimuli/noise_texture.png","null","","","","","","","","",""
"custom-labels-response","217","1966930","0.0-11.0-3.10","6425","","resentful","","","","","tom-labels","","","M3","resentful"
"html-keyboard-response","218","1967932","0.0-11.0-0.11","null","<span style=""font-size:40px;"">+</span>","null","","","","","","","","",""
"html-keyboard-response","219","1981473","0.0-11.0-1.11","","","","","","","","","","","",""
"image-keyboard-response","220","1981981","0.0-11.0-2.11","null","stimuli/noise_texture.png","null","","","","","","","","",""
"custom-labels-response","221","1991309","0.0-11.0-3.11","9322","","perplexed","","","","","tom-labels","","","F4","affectionate"
"html-keyboard-response","222","1992408","0.0-11.0-0.12","null","<span style=""font-size:40px;"">+</span>","null","","","","","","","","",""
"html-keyboard-response","223","2010433","0.0-11.0-1.12","","","","","","","","","","","",""
"image-keyboard-response","224","2010944","0.0-11.0-2.12","null","stimuli/noise_texture.png","null","","","","","","","","",""
"custom-labels-response","225","2020886","0.0-11.0-3.12","9935","","confused","","","","","tom-labels","","","M4","confused"
"html-keyboard-response","226","2021895","0.0-11.0-0.13","null","<span style=""font-size:40px;"">+</span>","null","","","","","","","","",""
"html-keyboard-response","227","2042610","0.0-11.0-1.13","","","","","","","","","","","",""
"image-keyboard-response","228","2043128","0.0-11.0-2.13","null","stimuli/noise_texture.png","null","","","","","","","","",""
"custom-labels-response","229","2048651","0.0-11.0-3.13","5515","","friendly","","","","","tom-labels","","","M5","friendly"
"html-keyboard-response","230","2049664","0.0-11.0-0.14","null","<span style=""font-size:40px;"">+</span>","null","","","","","","","","",""
"html-keyboard-response","231","2058005","0.0-11.0-1.14","","","","","","","","","","","",""
"image-keyboard-response","232","2058515","0.0-11.0-2.14","null","stimuli/noise_texture.png","null","","","","","","","","",""
"custom-labels-response","233","2063347","0.0-11.0-3.14","4824","","indifferent","","","","","tom-labels","","","M3","sympathetic"
"html-keyboard-response","234","2064361","0.0-11.0-0.15","null","<span style=""font-size:40px;"">+</span>","null","","","","","","","","",""
"html-keyboard-response","235","2078269","0.0-11.0-1.15","","","","","","","","","","","",""
"image-keyboard-response","236","2078777","0.0-11.0-2.15","null","stimuli/noise_texture.png","null","","","","","","","","",""
"custom-labels-response","237","2082219","0.0-11.0-3.15","3437","","puzzled","","","","","tom-labels","","","M4","skeptical"
"html-keyboard-response","238","2083280","0.0-11.0-0.16","null","<span style=""font-size:40px;"">+</span>","null","","","","","","","","",""
"html-keyboard-response","239","2091384","0.0-11.0-1.16","","","","","","","","","","","",""
"image-keyboard-response","240","2091898","0.0-11.0-2.16","null","stimuli/noise_texture.png","null","","","","","","","","",""
"custom-labels-response","241","2098577","0.0-11.0-3.16","6676","","perplexed","","","","","tom-labels","","","F3","fearful"
"html-keyboard-response","242","2099584","0.0-11.0-0.17","null","<span style=""font-size:40px;"">+</span>","null","","","","","","","","",""
"html-keyboard-response","243","2123411","0.0-11.0-1.17","","","","","","","","","","","",""
"image-keyboard-response","244","2123922","0.0-11.0-2.17","null","stimuli/noise_texture.png","null","","","","","","","","",""
"custom-labels-response","245","2129242","0.0-11.0-3.17","5316","","anticipating","","","","","tom-labels","","","M6","anticipating"
"html-keyboard-response","246","2130253","0.0-11.0-0.18","null","<span style=""font-size:40px;"">+</span>","null","","","","","","","","",""
"html-keyboard-response","247","2142411","0.0-11.0-1.18","","","","","","","","","","","",""
"image-keyboard-response","248","2142927","0.0-11.0-2.18","null","stimuli/noise_texture.png","null","","","","","","","","",""
"custom-labels-response","249","2147172","0.0-11.0-3.18","4237","","anxious","","","","","tom-labels","","","M4","anxious"
"html-keyboard-response","250","2148175","0.0-11.0-0.19","null","<span style=""font-size:40px;"">+</span>","null","","","","","","","","",""
"html-keyboard-response","251","2159537","0.0-11.0-1.19","","","","","","","","","","","",""
"image-keyboard-response","252","2160049","0.0-11.0-2.19","null","stimuli/noise_texture.png","null","","","","","","","","",""
"custom-labels-response","253","2165867","0.0-11.0-3.19","5809","","hostile","","","","","tom-labels","","","F2","annoyed"
"html-keyboard-response","254","2166962","0.0-11.0-0.20","null","<span style=""font-size:40px;"">+</span>","null","","","","","","","","",""
"html-keyboard-response","255","2184997","0.0-11.0-1.20","","","","","","","","","","","",""
"image-keyboard-response","256","2185504","0.0-11.0-2.20","null","stimuli/noise_texture.png","null","","","","","","","","",""
"custom-labels-response","257","2195857","0.0-11.0-3.20","10347","","interested","","","","","tom-labels","","","M2","insisting"
"html-keyboard-response","258","2196863","0.0-11.0-0.21","null","<span style=""font-size:40px;"">+</span>","null","","","","","","","","",""
"html-keyboard-response","259","2213071","0.0-11.0-1.21","","","","","","","","","","","",""
"image-keyboard-response","260","2213581","0.0-11.0-2.21","null","stimuli/noise_texture.png","null","","","","","","","","",""
"custom-labels-response","261","2221599","0.0-11.0-3.21","8013","","joking","","","","","tom-labels","","","F5","joking"
"html-button-response","262","2486423","0.0-12.0","264822","You have completed the first part of the experiment.<br> Please take a five-minute break before moving on to the next trial.<p> Feel free to walk around the room and stretch. However, please make sure to return to the task<br> within 5 minutes, as extended delays may result in automatic withdrawal from the study.<br>Press <b>Continue</b> to proceed with the experiment.<p><span id=""clock"">5:00</span>","0","","","","","","","","",""
"instructions","263","2510885","0.0-13.0","24461","","","","","","","","","[{""page_index"":0,""viewing_time"":1347},{""page_index"":1,""viewing_time"":14136},{""page_index"":2,""viewing_time"":8978}]","",""
"html-keyboard-response","264","2511888","0.0-14.0-0.0","null","<span style=""font-size:40px;"">+</span>","null","","","","","","","","",""
"html-keyboard-response","265","2549709","0.0-14.0-1.0","","","","","","","","","","","",""
"image-keyboard-response","266","2550287","0.0-14.0-2.0","null","stimuli/noise_texture.png","null","","","","","","","","",""
"custom-labels-response","267","2552426","0.0-14.0-3.0","2133","","playful","","","","","tom-labels","","","F2","playful"
"html-keyboard-response","268","2553438","0.0-14.0-0.1","null","<span style=""font-size:40px;"">+</span>","null","","","","","","","","",""
"html-keyboard-response","269","2564905","0.0-14.0-1.1","","","","","","","","","","","",""
"image-keyboard-response","270","2565417","0.0-14.0-2.1","null","stimuli/noise_texture.png","null","","","","","","","","",""
"custom-labels-response","271","2567714","0.0-14.0-3.1","2290","","baffled","","","","","tom-labels","","","F2","baffled"
"html-keyboard-response","272","2568729","0.0-14.0-0.2","null","<span style=""font-size:40px;"">+</span>","null","","","","","","","","",""
"html-keyboard-response","273","2577122","0.0-14.0-1.2","","","","","","","","","","","",""
"image-keyboard-response","274","2577639","0.0-14.0-2.2","null","stimuli/noise_texture.png","null","","","","","","","","",""
"custom-labels-response","275","2580111","0.0-14.0-3.2","2465","","curious","","","","","tom-labels","","","M1","relaxed"
"html-keyboard-response","276","2581121","0.0-14.0-0.3","null","<span style=""font-size:40px;"">+</span>","null","","","","","","","","",""
"html-keyboard-response","277","2595586","0.0-14.0-1.3","","","","","","","","","","","",""
"image-keyboard-response","278","2596104","0.0-14.0-2.3","null","stimuli/noise_texture.png","null","","","","","","","","",""
"custom-labels-response","279","2609313","0.0-14.0-3.3","13204","","irritated","","","","","tom-labels","","","M6","irritated"
"html-keyboard-response","280","2610318","0.0-14.0-0.4","null","<span style=""font-size:40px;"">+</span>","null","","","","","","","","",""
"html-keyboard-response","281","2626617","0.0-14.0-1.4","","","","","","","","","","","",""
"image-keyboard-response","282","2627132","0.0-14.0-2.4","null","stimuli/noise_texture.png","null","","","","","","","","",""
"custom-labels-response","283","2630885","0.0-14.0-3.4","3748","","amused","","","","","tom-labels","","","M4","hopeful"
"html-keyboard-response","284","2631898","0.0-14.0-0.5","null","<span style=""font-size:40px;"">+</span>","null","","","","","","","","",""
"html-keyboard-response","285","2669529","0.0-14.0-1.5","","","","","","","","","","","",""
"image-keyboard-response","286","2670049","0.0-14.0-2.5","null","stimuli/noise_texture.png","null","","","","","","","","",""
"custom-labels-response","287","2672994","0.0-14.0-3.5","2938","","imploring","","","","","tom-labels","","","F7","aghast"
"html-keyboard-response","288","2673998","0.0-14.0-0.6","null","<span style=""font-size:40px;"">+</span>","null","","","","","","","","",""
"html-keyboard-response","289","2714496","0.0-14.0-1.6","","","","","","","","","","","",""
"image-keyboard-response","290","2715006","0.0-14.0-2.6","null","stimuli/noise_texture.png","null","","","","","","","","",""
"custom-labels-response","291","2740539","0.0-14.0-3.6","25525","","incredulous","","","","","tom-labels","","","F5","worried"
"html-keyboard-response","292","2741545","0.0-14.0-0.7","null","<span style=""font-size:40px;"">+</span>","null","","","","","","","","",""
"html-keyboard-response","293","2751855","0.0-14.0-1.7","","","","","","","","","","","",""
"image-keyboard-response","294","2752368","0.0-14.0-2.7","null","stimuli/noise_texture.png","null","","","","","","","","",""
"custom-labels-response","295","2754589","0.0-14.0-3.7","2216","","reflective","","","","","tom-labels","","","F2","reflective"
"html-keyboard-response","296","2755597","0.0-14.0-0.8","null","<span style=""font-size:40px;"">+</span>","null","","","","","","","","",""
"html-keyboard-response","297","2766229","0.0-14.0-1.8","","","","","","","","","","","",""
"image-keyboard-response","298","2766739","0.0-14.0-2.8","null","stimuli/noise_texture.png","null","","","","","","","","",""
"custom-labels-response","299","2771767","0.0-14.0-3.8","5021","","thoughtful","","","","","tom-labels","","","F7","apologetic"
"html-keyboard-response","300","2772772","0.0-14.0-0.9","null","<span style=""font-size:40px;"">+</span>","null","","","","","","","","",""
"html-keyboard-response","301","2781519","0.0-14.0-1.9","","","","","","","","","","","",""
"image-keyboard-response","302","2782026","0.0-14.0-2.9","null","stimuli/noise_texture.png","null","","","","","","","","",""
"custom-labels-response","303","2785070","0.0-14.0-3.9","3038","","depressed","","","","","tom-labels","","","F3","depressed"
"html-keyboard-response","304","2786077","0.0-14.0-0.10","null","<span style=""font-size:40px;"">+</span>","null","","","","","","","","",""
"html-keyboard-response","305","2799109","0.0-14.0-1.10","","","","","","","","","","","",""
"image-keyboard-response","306","2799629","0.0-14.0-2.10","null","stimuli/noise_texture.png","null","","","","","","","","",""
"custom-labels-response","307","2802353","0.0-14.0-3.10","2718","","flirtatious","","","","","tom-labels","","","M2","flirtatious"
"html-keyboard-response","308","2803357","0.0-14.0-0.11","null","<span style=""font-size:40px;"">+</span>","null","","","","","","","","",""
"html-keyboard-response","309","2811921","0.0-14.0-1.11","","","","","","","","","","","",""
"image-keyboard-response","310","2812437","0.0-14.0-2.11","null","stimuli/noise_texture.png","null","","","","","","","","",""
"custom-labels-response","311","2817584","0.0-14.0-3.11","5143","","baffled","","","","","tom-labels","","","M1","dispirited"
"html-keyboard-response","312","2818602","0.0-14.0-0.12","null","<span style=""font-size:40px;"">+</span>","null","","","","","","","","",""
"html-keyboard-response","313","2829785","0.0-14.0-1.12","","","","","","","","","","","",""
"image-keyboard-response","314","2830304","0.0-14.0-2.12","null","stimuli/noise_texture.png","null","","","","","","","","",""
"custom-labels-response","315","2839666","0.0-14.0-3.12","9355","","despondent","","","","","tom-labels","","","F2","despondent"
"html-keyboard-response","316","2840676","0.0-14.0-0.13","null","<span style=""font-size:40px;"">+</span>","null","","","","","","","","",""
"html-keyboard-response","317","2849083","0.0-14.0-1.13","","","","","","","","","","","",""
"image-keyboard-response","318","2849588","0.0-14.0-2.13","null","stimuli/noise_texture.png","null","","","","","","","","",""
"custom-labels-response","319","2860404","0.0-14.0-3.13","10811","","distrustful","","","","","tom-labels","","","F3","offended"
"html-keyboard-response","320","2861408","0.0-14.0-0.14","null","<span style=""font-size:40px;"">+</span>","null","","","","","","","","",""
"html-keyboard-response","321","2875240","0.0-14.0-1.14","","","","","","","","","","","",""
"image-keyboard-response","322","2875755","0.0-14.0-2.14","null","stimuli/noise_texture.png","null","","","","","","","","",""
"custom-labels-response","323","2883602","0.0-14.0-3.14","7841","","playful","","","","","tom-labels","","","F2","confident"
"html-keyboard-response","324","2884617","0.0-14.0-0.15","null","<span style=""font-size:40px;"">+</span>","null","","","","","","","","",""
"html-keyboard-response","325","2899388","0.0-14.0-1.15","","","","","","","","","","","",""
"image-keyboard-response","326","2899899","0.0-14.0-2.15","null","stimuli/noise_texture.png","null","","","","","","","","",""
"custom-labels-response","327","2901302","0.0-14.0-3.15","1397","","comforting","","","","","tom-labels","","","F6","comforting"
"html-keyboard-response","328","2902320","0.0-14.0-0.16","null","<span style=""font-size:40px;"">+</span>","null","","","","","","","","",""
"html-keyboard-response","329","2913471","0.0-14.0-1.16","","","","","","","","","","","",""
"image-keyboard-response","330","2913989","0.0-14.0-2.16","null","stimuli/noise_texture.png","null","","","","","","","","",""
"custom-labels-response","331","2933315","0.0-14.0-3.16","19319","","defiant","","","","","tom-labels","","","M2","insulting"
"html-keyboard-response","332","2934320","0.0-14.0-0.17","null","<span style=""font-size:40px;"">+</span>","null","","","","","","","","",""
"html-keyboard-response","333","2956966","0.0-14.0-1.17","","","","","","","","","","","",""
"image-keyboard-response","334","2957476","0.0-14.0-2.17","null","stimuli/noise_texture.png","null","","","","","","","","",""
"custom-labels-response","335","2974728","0.0-14.0-3.17","17245","","flustered","","","","","tom-labels","","","M4","flustered"
"html-keyboard-response","336","2975732","0.0-14.0-0.18","null","<span style=""font-size:40px;"">+</span>","null","","","","","","","","",""
"html-keyboard-response","337","2986366","0.0-14.0-1.18","","","","","","","","","","","",""
"image-keyboard-response","338","2986883","0.0-14.0-2.18","null","stimuli/noise_texture.png","null","","","","","","","","",""
"custom-labels-response","339","2994906","0.0-14.0-3.18","8014","","earnest","","","","","tom-labels","","","M6","convinced"
"html-keyboard-response","340","2995911","0.0-14.0-0.19","null","<span style=""font-size:40px;"">+</span>","null","","","","","","","","",""
"html-keyboard-response","341","3005096","0.0-14.0-1.19","","","","","","","","","","","",""
"image-keyboard-response","342","3005603","0.0-14.0-2.19","null","stimuli/noise_texture.png","null","","","","","","","","",""
"custom-labels-response","343","3008500","0.0-14.0-3.19","2892","","contemplative","","","","","tom-labels","","","M3","dubious"
"html-keyboard-response","344","3009509","0.0-14.0-0.20","null","<span style=""font-size:40px;"">+</span>","null","","","","","","","","",""
"html-keyboard-response","345","3017586","0.0-14.0-1.20","","","","","","","","","","","",""
"image-keyboard-response","346","3018093","0.0-14.0-2.20","null","stimuli/noise_texture.png","null","","","","","","","","",""
"custom-labels-response","347","3020831","0.0-14.0-3.20","2732","","encouraging","","","","","tom-labels","","","M6","annoyed"
"html-keyboard-response","348","3021850","0.0-14.0-0.21","null","<span style=""font-size:40px;"">+</span>","null","","","","","","","","",""
"html-keyboard-response","349","3043222","0.0-14.0-1.21","","","","","","","","","","","",""
"image-keyboard-response","350","3043736","0.0-14.0-2.21","null","stimuli/noise_texture.png","null","","","","","","","","",""
"custom-labels-response","351","3048536","0.0-14.0-3.21","4796","","decisive","","","","","tom-labels","","","F4","irritated"
"html-keyboard-response","352","3049545","0.0-14.0-0.22","null","<span style=""font-size:40px;"">+</span>","null","","","","","","","","",""
"html-keyboard-response","353","3066792","0.0-14.0-1.22","","","","","","","","","","","",""
"image-keyboard-response","354","3067300","0.0-14.0-2.22","null","stimuli/noise_texture.png","null","","","","","","","","",""
"custom-labels-response","355","3070682","0.0-14.0-3.22","3376","","concerned","","","","","tom-labels","","","F7","concerned"
"html-keyboard-response","356","3071687","0.0-14.0-0.23","null","<span style=""font-size:40px;"">+</span>","null","","","","","","","","",""
"html-keyboard-response","357","3083231","0.0-14.0-1.23","","","","","","","","","","","",""
"image-keyboard-response","358","3083743","0.0-14.0-2.23","null","stimuli/noise_texture.png","null","","","","","","","","",""
"custom-labels-response","359","3093548","0.0-14.0-3.23","9799","","horrified","","","","","tom-labels","","","F8","horrified"
"html-keyboard-response","360","3094566","0.0-14.0-0.24","null","<span style=""font-size:40px;"">+</span>","null","","","","","","","","",""
"html-keyboard-response","361","3102603","0.0-14.0-1.24","","","","","","","","","","","",""
"image-keyboard-response","362","3103110","0.0-14.0-2.24","null","stimuli/noise_texture.png","null","","","","","","","","",""
"custom-labels-response","363","3108107","0.0-14.0-3.24","4993","","disappointed","","","","","tom-labels","","","M1","disappointed"
"html-keyboard-response","364","3109126","0.0-14.0-0.25","null","<span style=""font-size:40px;"">+</span>","null","","","","","","","","",""
"html-keyboard-response","365","3129673","0.0-14.0-1.25","","","","","","","","","","","",""
"image-keyboard-response","366","3130183","0.0-14.0-2.25","null","stimuli/noise_texture.png","null","","","","","","","","",""
"custom-labels-response","367","3134144","0.0-14.0-3.25","3954","","anticipating","","","","","tom-labels","","","M3","accusing"
"html-keyboard-response","368","3135170","0.0-14.0-0.26","null","<span style=""font-size:40px;"">+</span>","null","","","","","","","","",""
"html-keyboard-response","369","3147445","0.0-14.0-1.26","","","","","","","","","","","",""
"image-keyboard-response","370","3147953","0.0-14.0-2.26","null","stimuli/noise_texture.png","null","","","","","","","","",""
"custom-labels-response","371","3163594","0.0-14.0-3.26","15634","","perplexed","","","","","tom-labels","","","F5","eager"
"html-keyboard-response","372","3164610","0.0-14.0-0.27","null","<span style=""font-size:40px;"">+</span>","null","","","","","","","","",""
"html-keyboard-response","373","3178881","0.0-14.0-1.27","","","","","","","","","","","",""
"image-keyboard-response","374","3179394","0.0-14.0-2.27","null","stimuli/noise_texture.png","null","","","","","","","","",""
"custom-labels-response","375","3182331","0.0-14.0-3.27","2929","","hopeful","","","","","tom-labels","","","F2","hopeful"
"html-keyboard-response","376","3183336","0.0-14.0-0.28","null","<span style=""font-size:40px;"">+</span>","null","","","","","","","","",""
"html-keyboard-response","377","3196313","0.0-14.0-1.28","","","","","","","","","","","",""
"image-keyboard-response","378","3196822","0.0-14.0-2.28","null","stimuli/noise_texture.png","null","","","","","","","","",""
"custom-labels-response","379","3213090","0.0-14.0-3.28","16263","","terrified","","","","","tom-labels","","","M6","depressed"
"html-keyboard-response","380","3214095","0.0-14.0-0.29","null","<span style=""font-size:40px;"">+</span>","null","","","","","","","","",""
"html-keyboard-response","381","3226878","0.0-14.0-1.29","","","","","","","","","","","",""
"image-keyboard-response","382","3227394","0.0-14.0-2.29","null","stimuli/noise_texture.png","null","","","","","","","","",""
"custom-labels-response","383","3229958","0.0-14.0-3.29","2558","","suspicious","","","","","tom-labels","","","F6","suspicious"
"html-keyboard-response","384","3230963","0.0-15.0-0.0","null","<span style=""font-size:40px;"">+</span>","null","","","","","","","","",""
"html-keyboard-response","385","3244125","0.0-15.0-1.0","","","","","","","","","","","",""
"image-keyboard-response","386","3244638","0.0-15.0-2.0","null","stimuli/noise_texture.png","null","","","","","","","","",""
"custom-labels-response","387","3249394","0.0-15.0-3.0","4749","","click","","","","","attention-check","","","M6","relieved"
"html-keyboard-response","388","3250402","0.0-17.0-0.0","null","<span style=""font-size:40px;"">+</span>","null","","","","","","","","",""
"html-keyboard-response","389","3257574","0.0-17.0-1.0","","","","","","","","","","","",""
"image-keyboard-response","390","3258084","0.0-17.0-2.0","null","stimuli/noise_texture.png","null","","","","","","","","",""
"custom-labels-response","391","3261428","0.0-17.0-3.0","3337","","preoccupied","","","","","tom-labels","","","F3","preoccupied"
"html-keyboard-response","392","3262435","0.0-17.0-0.1","null","<span style=""font-size:40px;"">+</span>","null","","","","","","","","",""
"html-keyboard-response","393","3275553","0.0-17.0-1.1","","","","","","","","","","","",""
"image-keyboard-response","394","3276066","0.0-17.0-2.1","null","stimuli/noise_texture.png","null","","","","","","","","",""
"custom-labels-response","395","3283906","0.0-17.0-3.1","7832","","entertained","","","","","tom-labels","","","M2","entertained"
"html-keyboard-response","396","3284914","0.0-17.0-0.2","null","<span style=""font-size:40px;"">+</span>","null","","","","","","","","",""
"html-keyboard-response","397","3302173","0.0-17.0-1.2","","","","","","","","","","","",""
"image-keyboard-response","398","3302681","0.0-17.0-2.2","null","stimuli/noise_texture.png","null","","","","","","","","",""
"custom-labels-response","399","3305687","0.0-17.0-3.2","2998","","suspicious","","","","","tom-labels","","","M5","suspicious"
"html-keyboard-response","400","3306701","0.0-17.0-0.3","null","<span style=""font-size:40px;"">+</span>","null","","","","","","","","",""
"html-keyboard-response","401","3333905","0.0-17.0-1.3","","","","","","","","","","","",""
"image-keyboard-response","402","3334418","0.0-17.0-2.3","null","stimuli/noise_texture.png","null","","","","","","","","",""
"custom-labels-response","403","3340961","0.0-17.0-3.3","6537","","despondent","","","","","tom-labels","","","M6","despondent"
"html-keyboard-response","404","3341965","0.0-17.0-0.4","null","<span style=""font-size:40px;"">+</span>","null","","","","","","","","",""
"html-keyboard-response","405","3357561","0.0-17.0-1.4","","","","","","","","","","","",""
"image-keyboard-response","406","3358069","0.0-17.0-2.4","null","stimuli/noise_texture.png","null","","","","","","","","",""
"custom-labels-response","407","3361695","0.0-17.0-3.4","3619","","flustered","","","","","tom-labels","","","M4","panicked"
"html-keyboard-response","408","3362702","0.0-17.0-0.5","null","<span style=""font-size:40px;"">+</span>","null","","","","","","","","",""
"html-keyboard-response","409","3370164","0.0-17.0-1.5","","","","","","","","","","","",""
"image-keyboard-response","410","3370670","0.0-17.0-2.5","null","stimuli/noise_texture.png","null","","","","","","","","",""
"custom-labels-response","411","3372931","0.0-17.0-3.5","2257","","amused","","","","","tom-labels","","","M1","amused"
"html-keyboard-response","412","3373937","0.0-17.0-0.6","null","<span style=""font-size:40px;"">+</span>","null","","","","","","","","",""
"html-keyboard-response","413","3396217","0.0-17.0-1.6","","","","","","","","","","","",""
"image-keyboard-response","414","3396801","0.0-17.0-2.6","null","stimuli/noise_texture.png","null","","","","","","","","",""
"custom-labels-response","415","3403273","0.0-17.0-3.6","6463","","encouraging","","","","","tom-labels","","","M2","encouraging"
"html-keyboard-response","416","3404287","0.0-17.0-0.7","null","<span style=""font-size:40px;"">+</span>","null","","","","","","","","",""
"html-keyboard-response","417","3418973","0.0-17.0-1.7","","","","","","","","","","","",""
"image-keyboard-response","418","3419489","0.0-17.0-2.7","null","stimuli/noise_texture.png","null","","","","","","","","",""
"custom-labels-response","419","3426228","0.0-17.0-3.7","6733","","thoughtful","","","","","tom-labels","","","F5","thoughtful"
"html-keyboard-response","420","3427240","0.0-17.0-0.8","null","<span style=""font-size:40px;"">+</span>","null","","","","","","","","",""
"html-keyboard-response","421","3453806","0.0-17.0-1.8","","","","","","","","","","","",""
"image-keyboard-response","422","3454311","0.0-17.0-2.8","null","stimuli/noise_texture.png","null","","","","","","","","",""
"custom-labels-response","423","3458463","0.0-17.0-3.8","4146","","reassuring","","","","","tom-labels","","","F6","reassuring"
"html-keyboard-response","424","3459477","0.0-17.0-0.9","null","<span style=""font-size:40px;"">+</span>","null","","","","","","","","",""
"html-keyboard-response","425","3488018","0.0-17.0-1.9","","","","","","","","","","","",""
"image-keyboard-response","426","3488537","0.0-17.0-2.9","null","stimuli/noise_texture.png","null","","","","","","","","",""
"custom-labels-response","427","3501950","0.0-17.0-3.9","13406","","desire","","","","","tom-labels","","","F8","desire"
"html-keyboard-response","428","3502960","0.0-17.0-0.10","null","<span style=""font-size:40px;"">+</span>","null","","","","","","","","",""
"html-keyboard-response","429","3512487","0.0-17.0-1.10","","","","","","","","","","","",""
"image-keyboard-response","430","3513007","0.0-17.0-2.10","null","stimuli/noise_texture.png","null","","","","","","","","",""
"custom-labels-response","431","3518376","0.0-17.0-3.10","5363","","defiant","","","","","tom-labels","","","M3","offended"
"html-keyboard-response","432","3519381","0.0-17.0-0.11","null","<span style=""font-size:40px;"">+</span>","null","","","","","","","","",""
"html-keyboard-response","433","3536180","0.0-17.0-1.11","","","","","","","","","","","",""
"image-keyboard-response","434","3536693","0.0-17.0-2.11","null","stimuli/noise_texture.png","null","","","","","","","","",""
"custom-labels-response","435","3550867","0.0-17.0-3.11","14169","","bewildered","","","","","tom-labels","","","F8","cautious"
"html-keyboard-response","436","3551875","0.0-17.0-0.12","null","<span style=""font-size:40px;"">+</span>","null","","","","","","","","",""
"html-keyboard-response","437","3560627","0.0-17.0-1.12","","","","","","","","","","","",""
"image-keyboard-response","438","3561137","0.0-17.0-2.12","null","stimuli/noise_texture.png","null","","","","","","","","",""
"custom-labels-response","439","3564646","0.0-17.0-3.12","3502","","annoyed","","","","","tom-labels","","","M3","threatening"
"html-keyboard-response","440","3565652","0.0-17.0-0.13","null","<span style=""font-size:40px;"">+</span>","null","","","","","","","","",""
"html-keyboard-response","441","3572882","0.0-17.0-1.13","","","","","","","","","","","",""
"image-keyboard-response","442","3573388","0.0-17.0-2.13","null","stimuli/noise_texture.png","null","","","","","","","","",""
"custom-labels-response","443","3577265","0.0-17.0-3.13","3874","","confident","","","","","tom-labels","","","M1","confident"
"html-keyboard-response","444","3578271","0.0-17.0-0.14","null","<span style=""font-size:40px;"">+</span>","null","","","","","","","","",""
"html-keyboard-response","445","3590256","0.0-17.0-1.14","","","","","","","","","","","",""
"image-keyboard-response","446","3590766","0.0-17.0-2.14","null","stimuli/noise_texture.png","null","","","","","","","","",""
"custom-labels-response","447","3597167","0.0-17.0-3.14","6393","","offended","","","","","tom-labels","","","F5","resentful"
"html-keyboard-response","448","3598177","0.0-17.0-0.15","null","<span style=""font-size:40px;"">+</span>","null","","","","","","","","",""
"html-keyboard-response","449","3610349","0.0-17.0-1.15","","","","","","","","","","","",""
"image-keyboard-response","450","3610858","0.0-17.0-2.15","null","stimuli/noise_texture.png","null","","","","","","","","",""
"custom-labels-response","451","3615308","0.0-17.0-3.15","4443","","anxious","","","","","tom-labels","","","F7","anxious"
"html-keyboard-response","452","3616319","0.0-17.0-0.16","null","<span style=""font-size:40px;"">+</span>","null","","","","","","","","",""
"html-keyboard-response","453","3637738","0.0-17.0-1.16","","","","","","","","","","","",""
"image-keyboard-response","454","3638247","0.0-17.0-2.16","null","stimuli/noise_texture.png","null","","","","","","","","",""
"custom-labels-response","455","3648823","0.0-17.0-3.16","10569","","serious","","","","","tom-labels","","","M6","serious"
"html-keyboard-response","456","3649831","0.0-17.0-0.17","null","<span style=""font-size:40px;"">+</span>","null","","","","","","","","",""
"html-keyboard-response","457","3667681","0.0-17.0-1.17","","","","","","","","","","","",""
"image-keyboard-response","458","3668187","0.0-17.0-2.17","null","stimuli/noise_texture.png","null","","","","","","","","",""
"custom-labels-response","459","3671856","0.0-17.0-3.17","3662","","fantasizing","","","","","tom-labels","","","M4","fantasizing"
"html-keyboard-response","460","3672860","0.0-17.0-0.18","null","<span style=""font-size:40px;"">+</span>","null","","","","","","","","",""
"html-keyboard-response","461","3680789","0.0-17.0-1.18","","","","","","","","","","","",""
"image-keyboard-response","462","3681298","0.0-17.0-2.18","null","stimuli/noise_texture.png","null","","","","","","","","",""
"custom-labels-response","463","3693830","0.0-17.0-3.18","12529","","incredulous","","","","","tom-labels","","","M1","incredulous"
"html-keyboard-response","464","3694848","0.0-17.0-0.19","null","<span style=""font-size:40px;"">+</span>","null","","","","","","","","",""
"html-keyboard-response","465","3713443","0.0-17.0-1.19","","","","","","","","","","","",""
"image-keyboard-response","466","3713958","0.0-17.0-2.19","null","stimuli/noise_texture.png","null","","","","","","","","",""
"custom-labels-response","467","3717636","0.0-17.0-3.19","3670","","uneasy","","","","","tom-labels","","","M5","contented"
"html-keyboard-response","468","3718653","0.0-17.0-0.20","null","<span style=""font-size:40px;"">+</span>","null","","","","","","","","",""
"html-keyboard-response","469","3736190","0.0-17.0-1.20","","","","","","","","","","","",""
"image-keyboard-response","470","3736705","0.0-17.0-2.20","null","stimuli/noise_texture.png","null","","","","","","","","",""
"custom-labels-response","471","3739031","0.0-17.0-3.20","2319","","imploring","","","","","tom-labels","","","F4","imploring"
"html-keyboard-response","472","3740038","0.0-17.0-0.21","null","<span style=""font-size:40px;"">+</span>","null","","","","","","","","",""
"html-keyboard-response","473","3749728","0.0-17.0-1.21","","","","","","","","","","","",""
"image-keyboard-response","474","3750238","0.0-17.0-2.21","null","stimuli/noise_texture.png","null","","","","","","","","",""
"custom-labels-response","475","3752945","0.0-17.0-3.21","2700","","threatening","","","","","tom-labels","","","M5","fearful"
"html-keyboard-response","476","3753956","0.0-17.0-0.22","null","<span style=""font-size:40px;"">+</span>","null","","","","","","","","",""
"html-keyboard-response","477","3767291","0.0-17.0-1.22","","","","","","","","","","","",""
"image-keyboard-response","478","3767808","0.0-17.0-2.22","null","stimuli/noise_texture.png","null","","","","","","","","",""
"custom-labels-response","479","3772622","0.0-17.0-3.22","4807","","hostile","","","","","tom-labels","","","F6","hostile"
"html-keyboard-response","480","3773630","0.0-17.0-0.23","null","<span style=""font-size:40px;"">+</span>","null","","","","","","","","",""
"html-keyboard-response","481","3781952","0.0-17.0-1.23","","","","","","","","","","","",""
"image-keyboard-response","482","3782464","0.0-17.0-2.23","null","stimuli/noise_texture.png","null","","","","","","","","",""
"custom-labels-response","483","3787100","0.0-17.0-3.23","4629","","hopeful","","","","","tom-labels","","","F3","insisting"
"html-keyboard-response","484","3788105","0.0-17.0-0.24","null","<span style=""font-size:40px;"">+</span>","null","","","","","","","","",""
"html-keyboard-response","485","3796830","0.0-17.0-1.24","","","","","","","","","","","",""
"image-keyboard-response","486","3797336","0.0-17.0-2.24","null","stimuli/noise_texture.png","null","","","","","","","","",""
"custom-labels-response","487","3805230","0.0-17.0-3.24","7886","","alarmed","","","","","tom-labels","","","F3","doubtful"
"html-keyboard-response","488","3806237","0.0-17.0-0.25","null","<span style=""font-size:40px;"">+</span>","null","","","","","","","","",""
"html-keyboard-response","489","3827860","0.0-17.0-1.25","","","","","","","","","","","",""
"image-keyboard-response","490","3828365","0.0-17.0-2.25","null","stimuli/noise_texture.png","null","","","","","","","","",""
"custom-labels-response","491","3830642","0.0-17.0-3.25","2271","","terrified","","","","","tom-labels","","","F7","uneasy"
"html-keyboard-response","492","3831651","0.0-17.0-0.26","null","<span style=""font-size:40px;"">+</span>","null","","","","","","","","",""
"html-keyboard-response","493","3845201","0.0-17.0-1.26","","","","","","","","","","","",""
"image-keyboard-response","494","3845710","0.0-17.0-2.26","null","stimuli/noise_texture.png","null","","","","","","","","",""
"custom-labels-response","495","3846056","0.0-17.0-3.26","339","","accusing","","","","","tom-labels","","","M4","concerned"
"html-keyboard-response","496","3847062","0.0-17.0-0.27","null","<span style=""font-size:40px;"">+</span>","null","","","","","","","","",""
"html-keyboard-response","497","3863386","0.0-17.0-1.27","","","","","","","","","","","",""
"image-keyboard-response","498","3863901","0.0-17.0-2.27","null","stimuli/noise_texture.png","null","","","","","","","","",""
"custom-labels-response","499","3867591","0.0-17.0-3.27","3684","","distrustful","","","","","tom-labels","","","M2","distrustful"
"html-keyboard-response","500","3868601","0.0-17.0-0.28","null","<span style=""font-size:40px;"">+</span>","null","","","","","","","","",""
"html-keyboard-response","501","3876961","0.0-17.0-1.28","","","","","","","","","","","",""
"image-keyboard-response","502","3877480","0.0-17.0-2.28","null","stimuli/noise_texture.png","null","","","","","","","","",""
"custom-labels-response","503","3880797","0.0-17.0-3.28","3312","","hateful","","","","","tom-labels","","","M3","hateful"
"html-keyboard-response","504","3881803","0.0-17.0-0.29","null","<span style=""font-size:40px;"">+</span>","null","","","","","","","","",""
"html-keyboard-response","505","3896546","0.0-17.0-1.29","","","","","","","","","","","",""
"image-keyboard-response","506","3897057","0.0-17.0-2.29","null","stimuli/noise_texture.png","null","","","","","","","","",""
"custom-labels-response","507","3899919","0.0-17.0-3.29","2858","","relieved","","","","","tom-labels","","","F6","relieved"
"html-keyboard-response","508","3900927","0.0-17.0-0.30","null","<span style=""font-size:40px;"">+</span>","null","","","","","","","","",""
"html-keyboard-response","509","3915795","0.0-17.0-1.30","","","","","","","","","","","",""
"image-keyboard-response","510","3916311","0.0-17.0-2.30","null","stimuli/noise_texture.png","null","","","","","","","","",""
"custom-labels-response","511","3920674","0.0-17.0-3.30","4356","","convinced","","","","","tom-labels","","","F4","convinced"
"html-keyboard-response","512","3921685","0.0-17.0-0.31","null","<span style=""font-size:40px;"">+</span>","null","","","","","","","","",""
"html-keyboard-response","513","3931392","0.0-17.0-1.31","","","","","","","","","","","",""
"image-keyboard-response","514","3931899","0.0-17.0-2.31","null","stimuli/noise_texture.png","null","","","","","","","","",""
"custom-labels-response","515","3935769","0.0-17.0-3.31","3863","","enthused","","","","","tom-labels","","","F3","pensive"
"html-button-response","516","3939061","0.0-18.0","3288","You have completed the second part of the experiment.<br> Please take a five-minute break before moving on to the next trial.<p> Feel free to walk around the room and stretch. However, please make sure to return to the task<br> within 5 minutes, as extended delays may result in automatic withdrawal from the study.<br>Press <b>Continue</b> to proceed with the experiment.<p><span id=""clock"">5:00</span>","0","","","","","","","","",""
"instructions","517","3949245","0.0-19.0","10181","","","","","","","","","[{""page_index"":0,""viewing_time"":1594},{""page_index"":1,""viewing_time"":6939},{""page_index"":2,""viewing_time"":1648}]","",""
"html-keyboard-response","518","3950256","0.0-20.0-0.0","null","<span style=""font-size:40px;"">+</span>","null","","","","","","","","",""
"html-keyboard-response","519","3970051","0.0-20.0-1.0","","","","","","","","","","","",""
"image-keyboard-response","520","3970558","0.0-20.0-2.0","null","stimuli/noise_texture.png","null","","","","","","","","",""
"custom-labels-response","521","3988711","0.0-20.0-3.0","18144","","stern","","","","","tom-labels","","","M2","stern"
"html-keyboard-response","522","3989716","0.0-20.0-0.1","null","<span style=""font-size:40px;"">+</span>","null","","","","","","","","",""
"html-keyboard-response","523","4003728","0.0-20.0-1.1","","","","","","","","","","","",""
"image-keyboard-response","524","4004244","0.0-20.0-2.1","null","stimuli/noise_texture.png","null","","","","","","","","",""
"custom-labels-response","525","4007199","0.0-20.0-3.1","2949","","indecisive","","","","","tom-labels","","","F4","assertive"
"html-keyboard-response","526","4008204","0.0-20.0-0.2","null","<span style=""font-size:40px;"">+</span>","null","","","","","","","","",""
"html-keyboard-response","527","4027364","0.0-20.0-1.2","","","","","","","","","","","",""
"image-keyboard-response","528","4027881","0.0-20.0-2.2","null","stimuli/noise_texture.png","null","","","","","","","","",""
"custom-labels-response","529","4044621","0.0-20.0-3.2","16731","","tentative","","","","","tom-labels","","","M4","tentative"
"html-keyboard-response","530","4045632","0.0-20.0-0.3","null","<span style=""font-size:40px;"">+</span>","null","","","","","","","","",""
"html-keyboard-response","531","4069666","0.0-20.0-1.3","","","","","","","","","","","",""
"image-keyboard-response","532","4070186","0.0-20.0-2.3","null","stimuli/noise_texture.png","null","","","","","","","","",""
"custom-labels-response","533","4073292","0.0-20.0-3.3","3098","","nervous","","","","","tom-labels","","","F2","nervous"
"html-keyboard-response","534","4074308","0.0-20.0-0.4","null","<span style=""font-size:40px;"">+</span>","null","","","","","","","","",""
"html-keyboard-response","535","4086529","0.0-20.0-1.4","","","","","","","","","","","",""
"image-keyboard-response","536","4087037","0.0-20.0-2.4","null","stimuli/noise_texture.png","null","","","","","","","","",""
"custom-labels-response","537","4094469","0.0-20.0-3.4","7425","","distrustful","","","","","tom-labels","","","F8","jealous"
"html-keyboard-response","538","4095476","0.0-20.0-0.5","null","<span style=""font-size:40px;"">+</span>","null","","","","","","","","",""
"html-keyboard-response","539","4111851","0.0-20.0-1.5","","","","","","","","","","","",""
"image-keyboard-response","540","4112368","0.0-20.0-2.5","null","stimuli/noise_texture.png","null","","","","","","","","",""
"custom-labels-response","541","4116120","0.0-20.0-3.5","3746","","encouraging","","","","","tom-labels","","","F5","encouraging"
"html-keyboard-response","542","4117130","0.0-20.0-0.6","null","<span style=""font-size:40px;"">+</span>","null","","","","","","","","",""
"html-keyboard-response","543","4130513","0.0-20.0-1.6","","","","","","","","","","","",""
"image-keyboard-response","544","4131019","0.0-20.0-2.6","null","stimuli/noise_texture.png","null","","","","","","","","",""
"custom-labels-response","545","4134158","0.0-20.0-3.6","3132","","stern","","","","","tom-labels","","","F4","stern"
"html-keyboard-response","546","4135164","0.0-20.0-0.7","null","<span style=""font-size:40px;"">+</span>","null","","","","","","","","",""
"html-keyboard-response","547","4145676","0.0-20.0-1.7","","","","","","","","","","","",""
"image-keyboard-response","548","4146183","0.0-20.0-2.7","null","stimuli/noise_texture.png","null","","","","","","","","",""
"custom-labels-response","549","4149556","0.0-20.0-3.7","3366","","threatening","","","","","tom-labels","","","F7","threatening"
"html-keyboard-response","550","4150562","0.0-20.0-0.8","null","<span style=""font-size:40px;"">+</span>","null","","","","","","","","",""
"html-keyboard-response","551","4164746","0.0-20.0-1.8","","","","","","","","","","","",""
"image-keyboard-response","552","4165258","0.0-20.0-2.8","null","stimuli/noise_texture.png","null","","","","","","","","",""
"custom-labels-response","553","4167775","0.0-20.0-3.8","2509","","deciding","","","","","tom-labels","","","F6","deciding"
"html-keyboard-response","554","4168789","0.0-20.0-0.9","null","<span style=""font-size:40px;"">+</span>","null","","","","","","","","",""
"html-keyboard-response","555","4186999","0.0-20.0-1.9","","","","","","","","","","","",""
"image-keyboard-response","556","4187507","0.0-20.0-2.9","null","stimuli/noise_texture.png","null","","","","","","","","",""
"custom-labels-response","557","4190229","0.0-20.0-3.9","2715","","perplexed","","","","","tom-labels","","","F5","perplexed"
"html-keyboard-response","558","4191242","0.0-20.0-0.10","null","<span style=""font-size:40px;"">+</span>","null","","","","","","","","",""
"html-keyboard-response","559","4203467","0.0-20.0-1.10","","","","","","","","","","","",""
"image-keyboard-response","560","4203977","0.0-20.0-2.10","null","stimuli/noise_texture.png","null","","","","","","","","",""
"custom-labels-response","561","4206343","0.0-20.0-3.10","2359","","serious","","","","","tom-labels","","","M6","indecisive"
"html-keyboard-response","562","4207353","0.0-20.0-0.11","null","<span style=""font-size:40px;"">+</span>","null","","","","","","","","",""
"html-keyboard-response","563","4222326","0.0-20.0-1.11","","","","","","","","","","","",""
"image-keyboard-response","564","4222843","0.0-20.0-2.11","null","stimuli/noise_texture.png","null","","","","","","","","",""
"custom-labels-response","565","4229692","0.0-20.0-3.11","6844","","arrogant","","","","","tom-labels","","","F4","arrogant"
"html-keyboard-response","566","4230700","0.0-20.0-0.12","null","<span style=""font-size:40px;"">+</span>","null","","","","","","","","",""
"html-keyboard-response","567","4242167","0.0-20.0-1.12","","","","","","","","","","","",""
"image-keyboard-response","568","4242684","0.0-20.0-2.12","null","stimuli/noise_texture.png","null","","","","","","","","",""
"custom-labels-response","569","4243981","0.0-20.0-3.12","1289","","relieved","","","","","tom-labels","","","M5","comforting"
"html-keyboard-response","570","4244989","0.0-20.0-0.13","null","<span style=""font-size:40px;"">+</span>","null","","","","","","","","",""
"html-keyboard-response","571","4263864","0.0-20.0-1.13","","","","","","","","","","","",""
"image-keyboard-response","572","4264376","0.0-20.0-2.13","null","stimuli/noise_texture.png","null","","","","","","","","",""
"custom-labels-response","573","4266972","0.0-20.0-3.13","2589","","grateful","","","","","tom-labels","","","M3","grateful"
"html-keyboard-response","574","4267977","0.0-20.0-0.14","null","<span style=""font-size:40px;"">+</span>","null","","","","","","","","",""
"html-keyboard-response","575","4281315","0.0-20.0-1.14","","","","","","","","","","","",""
"image-keyboard-response","576","4281821","0.0-20.0-2.14","null","stimuli/noise_texture.png","null","","","","","","","","",""
"custom-labels-response","577","4286148","0.0-20.0-3.14","4320","","flirtatious","","","","","tom-labels","","","F2","curious"
"html-keyboard-response","578","4287155","0.0-20.0-0.15","null","<span style=""font-size:40px;"">+</span>","null","","","","","","","","",""
"html-keyboard-response","579","4306583","0.0-20.0-1.15","","","","","","","","","","","",""
"image-keyboard-response","580","4307099","0.0-20.0-2.15","null","stimuli/noise_texture.png","null","","","","","","","","",""
"custom-labels-response","581","4313048","0.0-20.0-3.15","5941","","eager","","","","","tom-labels","","","F4","satisfied"
"html-keyboard-response","582","4314054","0.0-20.0-0.16","null","<span style=""font-size:40px;"">+</span>","null","","","","","","","","",""
"html-keyboard-response","583","4326589","0.0-20.0-1.16","","","","","","","","","","","",""
"image-keyboard-response","584","4327100","0.0-20.0-2.16","null","stimuli/noise_texture.png","null","","","","","","","","",""
"custom-labels-response","585","4331383","0.0-20.0-3.16","4275","","satisfied","","","","","tom-labels","","","M6","satisfied"
"html-keyboard-response","586","4332390","0.0-20.0-0.17","null","<span style=""font-size:40px;"">+</span>","null","","","","","","","","",""
"html-keyboard-response","587","4352461","0.0-20.0-1.17","","","","","","","","","","","",""
"image-keyboard-response","588","4352972","0.0-20.0-2.17","null","stimuli/noise_texture.png","null","","","","","","","","",""
"custom-labels-response","589","4359526","0.0-20.0-3.17","6547","","enthused","","","","","tom-labels","","","M5","enthused"
"html-keyboard-response","590","4360534","0.0-20.0-0.18","null","<span style=""font-size:40px;"">+</span>","null","","","","","","","","",""
"html-keyboard-response","591","4376197","0.0-20.0-1.18","","","","","","","","","","","",""
"image-keyboard-response","592","4376711","0.0-20.0-2.18","null","stimuli/noise_texture.png","null","","","","","","","","",""
"custom-labels-response","593","4394289","0.0-20.0-3.18","17570","","stern","","","","","tom-labels","","","M4","intrigued"
"html-keyboard-response","594","4395295","0.0-20.0-0.19","null","<span style=""font-size:40px;"">+</span>","null","","","","","","","","",""
"html-keyboard-response","595","4418599","0.0-20.0-1.19","","","","","","","","","","","",""
"image-keyboard-response","596","4419119","0.0-20.0-2.19","null","stimuli/noise_texture.png","null","","","","","","","","",""
"custom-labels-response","597","4422554","0.0-20.0-3.19","3427","","relieved","","","","","tom-labels","","","F7","embarrassed"
"html-keyboard-response","598","4423563","0.0-20.0-0.20","null","<span style=""font-size:40px;"">+</span>","null","","","","","","","","",""
"html-keyboard-response","599","4433277","0.0-20.0-1.20","","","","","","","","","","","",""
"image-keyboard-response","600","4433796","0.0-20.0-2.20","null","stimuli/noise_texture.png","null","","","","","","","","",""
"custom-labels-response","601","4437258","0.0-20.0-3.20","3455","","skeptical","","","","","tom-labels","","","F3","distrustful"
"html-keyboard-response","602","4438278","0.0-20.0-0.21","null","<span style=""font-size:40px;"">+</span>","null","","","","","","","","",""
"html-keyboard-response","603","4452292","0.0-20.0-1.21","","","","","","","","","","","",""
"image-keyboard-response","604","4452799","0.0-20.0-2.21","null","stimuli/noise_texture.png","null","","","","","","","","",""
"custom-labels-response","605","4458035","0.0-20.0-3.21","5230","","confused","","","","","tom-labels","","","F8","confused"
"html-keyboard-response","606","4459043","0.0-20.0-0.22","null","<span style=""font-size:40px;"">+</span>","null","","","","","","","","",""
"html-keyboard-response","607","4467587","0.0-20.0-1.22","","","","","","","","","","","",""
"image-keyboard-response","608","4468092","0.0-20.0-2.22","null","stimuli/noise_texture.png","null","","","","","","","","",""
"custom-labels-response","609","4469783","0.0-20.0-3.22","1683","","terrified","","","","","tom-labels","","","M5","terrified"
"html-keyboard-response","610","4470796","0.0-20.0-0.23","null","<span style=""font-size:40px;"">+</span>","null","","","","","","","","",""
"html-keyboard-response","611","4489339","0.0-20.0-1.23","","","","","","","","","","","",""
"image-keyboard-response","612","4489849","0.0-20.0-2.23","null","stimuli/noise_texture.png","null","","","","","","","","",""
"custom-labels-response","613","4494458","0.0-20.0-3.23","4605","","desire","","","","","tom-labels","","","M2","doubtful"
"html-keyboard-response","614","4495466","0.0-20.0-0.24","null","<span style=""font-size:40px;"">+</span>","null","","","","","","","","",""
"html-keyboard-response","615","4512809","0.0-20.0-1.24","","","","","","","","","","","",""
"image-keyboard-response","616","4513327","0.0-20.0-2.24","null","stimuli/noise_texture.png","null","","","","","","","","",""
"custom-labels-response","617","4515424","0.0-20.0-3.24","2091","","assertive","","","","","tom-labels","","","M3","assertive"
"html-keyboard-response","618","4516436","0.0-20.0-0.25","null","<span style=""font-size:40px;"">+</span>","null","","","","","","","","",""
"html-keyboard-response","619","4527425","0.0-20.0-1.25","","","","","","","","","","","",""
"image-keyboard-response","620","4527937","0.0-20.0-2.25","null","stimuli/noise_texture.png","null","","","","","","","","",""
"custom-labels-response","621","4532667","0.0-20.0-3.25","4724","","preoccupied","","","","","tom-labels","","","M5","hostile"
"html-keyboard-response","622","4533674","0.0-20.0-0.26","null","<span style=""font-size:40px;"">+</span>","null","","","","","","","","",""
"html-keyboard-response","623","4550299","0.0-20.0-1.26","","","","","","","","","","","",""
"image-keyboard-response","624","4550816","0.0-20.0-2.26","null","stimuli/noise_texture.png","null","","","","","","","","",""
"custom-labels-response","625","4558789","0.0-20.0-3.26","7966","","comforting","","","","","tom-labels","","","M6","perplexed"
"html-keyboard-response","626","4559793","0.0-20.0-0.27","null","<span style=""font-size:40px;"">+</span>","null","","","","","","","","",""
"html-keyboard-response","627","4568420","0.0-20.0-1.27","","","","","","","","","","","",""
"image-keyboard-response","628","4568929","0.0-20.0-2.27","null","stimuli/noise_texture.png","null","","","","","","","","",""
"custom-labels-response","629","4576767","0.0-20.0-3.27","7831","","insisting","","","","","tom-labels","","","M1","horrified"
"html-keyboard-response","630","4577787","0.0-20.0-0.28","null","<span style=""font-size:40px;"">+</span>","null","","","","","","","","",""
"html-keyboard-response","631","4586547","0.0-20.0-1.28","","","","","","","","","","","",""
"image-keyboard-response","632","4587061","0.0-20.0-2.28","null","stimuli/noise_texture.png","null","","","","","","","","",""
"custom-labels-response","633","4589747","0.0-20.0-3.28","2679","","alarmed","","","","","tom-labels","","","F3","alarmed"
"html-keyboard-response","634","4590753","0.0-20.0-0.29","null","<span style=""font-size:40px;"">+</span>","null","","","","","","","","",""
"html-keyboard-response","635","4606735","0.0-20.0-1.29","","","","","","","","","","","",""
"image-keyboard-response","636","4607249","0.0-20.0-2.29","null","stimuli/noise_texture.png","null","","","","","","","","",""
"custom-labels-response","637","4610037","0.0-20.0-3.29","2781","","earnest","","","","","tom-labels","","","M5","earnest"
"html-keyboard-response","638","4611045","0.0-21.0-0.0","null","<span style=""font-size:40px;"">+</span>","null","","","","","","","","",""
"html-keyboard-response","639","4622208","0.0-21.0-1.0","","","","","","","","","","","",""
"image-keyboard-response","640","4622717","0.0-21.0-2.0","null","stimuli/noise_texture.png","null","","","","","","","","",""
"custom-labels-response","641","4625243","0.0-21.0-3.0","2520","","click","","","","","attention-check","","","F7","apologetic"
"html-keyboard-response","642","4626262","0.0-23.0-0.0","null","<span style=""font-size:40px;"">+</span>","null","","","","","","","","",""
"html-keyboard-response","643","4636315","0.0-23.0-1.0","","","","","","","","","","","",""
"image-keyboard-response","644","4636826","0.0-23.0-2.0","null","stimuli/noise_texture.png","null","","","","","","","","",""
"custom-labels-response","645","4640059","0.0-23.0-3.0","3228","","cautious","","","","","tom-labels","","","M2","cautious"
"html-keyboard-response","646","4641063","0.0-23.0-0.1","null","<span style=""font-size:40px;"">+</span>","null","","","","","","","","",""
"html-keyboard-response","647","4651135","0.0-23.0-1.1","","","","","","","","","","","",""
"image-keyboard-response","648","4651646","0.0-23.0-2.1","null","stimuli/noise_texture.png","null","","","","","","","","",""
"custom-labels-response","649","4666454","0.0-23.0-3.1","14802","","aghast","","","","","tom-labels","","","M5","interested"
"html-keyboard-response","650","4667469","0.0-23.0-0.2","null","<span style=""font-size:40px;"">+</span>","null","","","","","","","","",""
"html-keyboard-response","651","4679767","0.0-23.0-1.2","","","","","","","","","","","",""
"image-keyboard-response","652","4680281","0.0-23.0-2.2","null","stimuli/noise_texture.png","null","","","","","","","","",""
"custom-labels-response","653","4688799","0.0-23.0-3.2","8510","","reflective","","","","","tom-labels","","","F7","dispirited"
"html-keyboard-response","654","4689808","0.0-23.0-0.3","null","<span style=""font-size:40px;"">+</span>","null","","","","","","","","",""
"html-keyboard-response","655","4698524","0.0-23.0-1.3","","","","","","","","","","","",""
"image-keyboard-response","656","4699033","0.0-23.0-2.3","null","stimuli/noise_texture.png","null","","","","","","","","",""
"custom-labels-response","657","4701630","0.0-23.0-3.3","2589","","indecisive","","","","","tom-labels","","","F3","indecisive"
"html-keyboard-response","658","4702636","0.0-23.0-0.4","null","<span style=""font-size:40px;"">+</span>","null","","","","","","","","",""
"html-keyboard-response","659","4717370","0.0-23.0-1.4","","","","","","","","","","","",""
"image-keyboard-response","660","4717887","0.0-23.0-2.4","null","stimuli/noise_texture.png","null","","","","","","","","",""
"custom-labels-response","661","4722787","0.0-23.0-3.4","4894","","contented","","","","","tom-labels","","","F7","contented"
"html-keyboard-response","662","4723795","0.0-23.0-0.5","null","<span style=""font-size:40px;"">+</span>","null","","","","","","","","",""
"html-keyboard-response","663","4735599","0.0-23.0-1.5","","","","","","","","","","","",""
"image-keyboard-response","664","4736114","0.0-23.0-2.5","null","stimuli/noise_texture.png","null","","","","","","","","",""
"custom-labels-response","665","4740455","0.0-23.0-3.5","4334","","contemplative","","","","","tom-labels","","","M4","contemplative"
"html-keyboard-response","666","4741463","0.0-23.0-0.6","null","<span style=""font-size:40px;"">+</span>","null","","","","","","","","",""
"html-keyboard-response","667","4749920","0.0-23.0-1.6","","","","","","","","","","","",""
"image-keyboard-response","668","4750428","0.0-23.0-2.6","null","stimuli/noise_texture.png","null","","","","","","","","",""
"custom-labels-response","669","4752880","0.0-23.0-3.6","2445","","dominant","","","","","tom-labels","","","M1","dominant"
"html-keyboard-response","670","4753889","0.0-23.0-0.7","null","<span style=""font-size:40px;"">+</span>","null","","","","","","","","",""
"html-keyboard-response","671","4766254","0.0-23.0-1.7","","","","","","","","","","","",""
"image-keyboard-response","672","4766770","0.0-23.0-2.7","null","stimuli/noise_texture.png","null","","","","","","","","",""
"custom-labels-response","673","4771019","0.0-23.0-3.7","4243","","playful","","","","","tom-labels","","","M5","playful"
"html-keyboard-response","674","4772024","0.0-23.0-0.8","null","<span style=""font-size:40px;"">+</span>","null","","","","","","","","",""
"html-keyboard-response","675","4783208","0.0-23.0-1.8","","","","","","","","","","","",""
"image-keyboard-response","676","4783718","0.0-23.0-2.8","null","stimuli/noise_texture.png","null","","","","","","","","",""
"custom-labels-response","677","4786265","0.0-23.0-3.8","2541","","fascinated","","","","","tom-labels","","","M4","worried"
"html-keyboard-response","678","4787293","0.0-23.0-0.9","null","<span style=""font-size:40px;"">+</span>","null","","","","","","","","",""
"html-keyboard-response","679","4797107","0.0-23.0-1.9","","","","","","","","","","","",""
"image-keyboard-response","680","4797620","0.0-23.0-2.9","null","stimuli/noise_texture.png","null","","","","","","","","",""
"custom-labels-response","681","4800728","0.0-23.0-3.9","3100","","panicked","","","","","tom-labels","","","F5","panicked"
"html-keyboard-response","682","4801734","0.0-23.0-0.10","null","<span style=""font-size:40px;"">+</span>","null","","","","","","","","",""
"html-keyboard-response","683","4821967","0.0-23.0-1.10","","","","","","","","","","","",""
"image-keyboard-response","684","4822473","0.0-23.0-2.10","null","stimuli/noise_texture.png","null","","","","","","","","",""
"custom-labels-response","685","4826939","0.0-23.0-3.10","4459","","bewildered","","","","","tom-labels","","","M5","guilty"
"html-keyboard-response","686","4827945","0.0-23.0-0.11","null","<span style=""font-size:40px;"">+</span>","null","","","","","","","","",""
"html-keyboard-response","687","4839618","0.0-23.0-1.11","","","","","","","","","","","",""
"image-keyboard-response","688","4840132","0.0-23.0-2.11","null","stimuli/noise_texture.png","null","","","","","","","","",""
"custom-labels-response","689","4843801","0.0-23.0-3.11","3661","","incredulous","","","","","tom-labels","","","M6","curious"
"html-keyboard-response","690","4844805","0.0-23.0-0.12","null","<span style=""font-size:40px;"">+</span>","null","","","","","","","","",""
"html-keyboard-response","691","4866972","0.0-23.0-1.12","","","","","","","","","","","",""
"image-keyboard-response","692","4867491","0.0-23.0-2.12","null","stimuli/noise_texture.png","null","","","","","","","","",""
"custom-labels-response","693","4870398","0.0-23.0-3.12","2899","","interested","","","","","tom-labels","","","F4","impatient"
"html-keyboard-response","694","4871411","0.0-23.0-0.13","null","<span style=""font-size:40px;"">+</span>","null","","","","","","","","",""
"html-keyboard-response","695","4892957","0.0-23.0-1.13","","","","","","","","","","","",""
"image-keyboard-response","696","4893462","0.0-23.0-2.13","null","stimuli/noise_texture.png","null","","","","","","","","",""
"custom-labels-response","697","4898644","0.0-23.0-3.13","5174","","skeptical","","","","","tom-labels","","","F6","contemplative"
"html-keyboard-response","698","4899653","0.0-23.0-0.14","null","<span style=""font-size:40px;"">+</span>","null","","","","","","","","",""
"html-keyboard-response","699","4912065","0.0-23.0-1.14","","","","","","","","","","","",""
"image-keyboard-response","700","4912578","0.0-23.0-2.14","null","stimuli/noise_texture.png","null","","","","","","","","",""
"custom-labels-response","701","4915368","0.0-23.0-3.14","2781","","hopeful","","","","","tom-labels","","","F8","decisive"
"html-keyboard-response","702","4916376","0.0-23.0-0.15","null","<span style=""font-size:40px;"">+</span>","null","","","","","","","","",""
"html-keyboard-response","703","4931230","0.0-23.0-1.15","","","","","","","","","","","",""
"image-keyboard-response","704","4931740","0.0-23.0-2.15","null","stimuli/noise_texture.png","null","","","","","","","","",""
"custom-labels-response","705","4933960","0.0-23.0-3.15","2213","","baffled","","","","","tom-labels","","","M4","baffled"
"html-keyboard-response","706","4934971","0.0-23.0-0.16","null","<span style=""font-size:40px;"">+</span>","null","","","","","","","","",""
"html-keyboard-response","707","4946919","0.0-23.0-1.16","","","","","","","","","","","",""
"image-keyboard-response","708","4947431","0.0-23.0-2.16","null","stimuli/noise_texture.png","null","","","","","","","","",""
"custom-labels-response","709","4952739","0.0-23.0-3.16","5302","","intrigued","","","","","tom-labels","","","F5","intrigued"
"html-keyboard-response","710","4953747","0.0-23.0-0.17","null","<span style=""font-size:40px;"">+</span>","null","","","","","","","","",""
"html-keyboard-response","711","4962295","0.0-23.0-1.17","","","","","","","","","","","",""
"image-keyboard-response","712","4962800","0.0-23.0-2.17","null","stimuli/noise_texture.png","null","","","","","","","","",""
"custom-labels-response","713","4965067","0.0-23.0-3.17","2261","","anticipating","","","","","tom-labels","","","M5","preoccupied"
"html-keyboard-response","714","4966077","0.0-23.0-0.18","null","<span style=""font-size:40px;"">+</span>","null","","","","","","","","",""
"html-keyboard-response","715","4978614","0.0-23.0-1.18","","","","","","","","","","","",""
"image-keyboard-response","716","4979134","0.0-23.0-2.18","null","stimuli/noise_texture.png","null","","","","","","","","",""
"custom-labels-response","717","4981209","0.0-23.0-3.18","2068","","thoughtful","","","","","tom-labels","","","M2","thoughtful"
"html-keyboard-response","718","4982215","0.0-23.0-0.19","null","<span style=""font-size:40px;"">+</span>","null","","","","","","","","",""
"html-keyboard-response","719","4991722","0.0-23.0-1.19","","","","","","","","","","","",""
"image-keyboard-response","720","4992235","0.0-23.0-2.19","null","stimuli/noise_texture.png","null","","","","","","","","",""
"custom-labels-response","721","4994122","0.0-23.0-3.19","1880","","offended","","","","","tom-labels","","","M3","impatient"
"html-keyboard-response","722","4995128","0.0-23.0-0.20","null","<span style=""font-size:40px;"">+</span>","null","","","","","","","","",""
"html-keyboard-response","723","5006538","0.0-23.0-1.20","","","","","","","","","","","",""
"image-keyboard-response","724","5007053","0.0-23.0-2.20","null","stimuli/noise_texture.png","null","","","","","","","","",""
"custom-labels-response","725","5009596","0.0-23.0-3.20","2536","","desire","","","","","tom-labels","","","F2","hateful"
"html-keyboard-response","726","5010605","0.0-23.0-0.21","null","<span style=""font-size:40px;"">+</span>","null","","","","","","","","",""
"html-keyboard-response","727","5035568","0.0-23.0-1.21","","","","","","","","","","","",""
"image-keyboard-response","728","5036083","0.0-23.0-2.21","null","stimuli/noise_texture.png","null","","","","","","","","",""
"custom-labels-response","729","5041164","0.0-23.0-3.21","5075","","assertive","","","","","tom-labels","","","M6","indifferent"
"html-keyboard-response","730","5042185","0.0-23.0-0.22","null","<span style=""font-size:40px;"">+</span>","null","","","","","","","","",""
"html-keyboard-response","731","5063423","0.0-23.0-1.22","","","","","","","","","","","",""
"image-keyboard-response","732","5063928","0.0-23.0-2.22","null","stimuli/noise_texture.png","null","","","","","","","","",""
"custom-labels-response","733","5067753","0.0-23.0-3.22","3819","","contented","","","","","tom-labels","","","M5","eager"
"html-keyboard-response","734","5068761","0.0-23.0-0.23","null","<span style=""font-size:40px;"">+</span>","null","","","","","","","","",""
"html-keyboard-response","735","5089979","0.0-23.0-1.23","","","","","","","","","","","",""
"image-keyboard-response","736","5090491","0.0-23.0-2.23","null","stimuli/noise_texture.png","null","","","","","","","","",""
"custom-labels-response","737","5093983","0.0-23.0-3.23","3488","","relaxed","","","","","tom-labels","","","M6","reflective"
"html-keyboard-response","738","5094991","0.0-23.0-0.24","null","<span style=""font-size:40px;"">+</span>","null","","","","","","","","",""
"html-keyboard-response","739","5110958","0.0-23.0-1.24","","","","","","","","","","","",""
"image-keyboard-response","740","5111476","0.0-23.0-2.24","null","stimuli/noise_texture.png","null","","","","","","","","",""
"custom-labels-response","741","5116209","0.0-23.0-3.24","4727","","disappointed","","","","","tom-labels","","","F5","disappointed"
"html-keyboard-response","742","5117215","0.0-23.0-0.25","null","<span style=""font-size:40px;"">+</span>","null","","","","","","","","",""
"html-keyboard-response","743","5124801","0.0-23.0-1.25","","","","","","","","","","","",""
"image-keyboard-response","744","5125305","0.0-23.0-2.25","null","stimuli/noise_texture.png","null","","","","","","","","",""
"custom-labels-response","745","5130032","0.0-23.0-3.25","4723","","preoccupied","","","","","tom-labels","","","M1","arrogant"
"html-keyboard-response","746","5131039","0.0-23.0-0.26","null","<span style=""font-size:40px;"">+</span>","null","","","","","","","","",""
"html-keyboard-response","747","5148436","0.0-23.0-1.26","","","","","","","","","","","",""
"image-keyboard-response","748","5148952","0.0-23.0-2.26","null","stimuli/noise_texture.png","null","","","","","","","","",""
"custom-labels-response","749","5151898","0.0-23.0-3.26","2939","","anticipating","","","","","tom-labels","","","F5","anticipating"
"html-keyboard-response","750","5152912","0.0-23.0-0.27","null","<span style=""font-size:40px;"">+</span>","null","","","","","","","","",""
"html-keyboard-response","751","5161717","0.0-23.0-1.27","","","","","","","","","","","",""
"image-keyboard-response","752","5162237","0.0-23.0-2.27","null","stimuli/noise_texture.png","null","","","","","","","","",""
"custom-labels-response","753","5166425","0.0-23.0-3.27","4183","","deciding","","","","","tom-labels","","","M1","deciding"
"html-keyboard-response","754","5167434","0.0-23.0-0.28","null","<span style=""font-size:40px;"">+</span>","null","","","","","","","","",""
"html-keyboard-response","755","5182004","0.0-23.0-1.28","","","","","","","","","","","",""
"image-keyboard-response","756","5182523","0.0-23.0-2.28","null","stimuli/noise_texture.png","null","","","","","","","","",""
"custom-labels-response","757","5184992","0.0-23.0-3.28","2462","","amused","","","","","tom-labels","","","F5","amused"
"html-keyboard-response","758","5186003","0.0-23.0-0.29","null","<span style=""font-size:40px;"">+</span>","null","","","","","","","","",""
"html-keyboard-response","759","5196268","0.0-23.0-1.29","","","","","","","","","","","",""
"image-keyboard-response","760","5196784","0.0-23.0-2.29","null","stimuli/noise_texture.png","null","","","","","","","","",""
"custom-labels-response","761","5199674","0.0-23.0-3.29","2884","","curious","","","","","tom-labels","","","F4","upset"
"html-button-response","762","5219231","0.0-24.0","19551","<h3>Thank you for participating!</h1><p>You are done with the experiment. You will receive the full payment for your participation. Thank you for your time and contribution.</p><p>You will be automatically redirected to Prolific upon clicking <strong>Complete Experiment</strong>.</p><p>Please DO NOT close this tab until you have been redirected to Prolific. Please take note of your Prolific Completion Code before clicking <strong>Complete Experiment</strong>: <strong>C1HPV5RI</strong>.</p>","0","673e222bdb1a35935b3075f1","1760808967363","A","0","","","","",""
